33440227	extracted/base_assets.apk/assets/bundle/functions_cardcollection_texture_assets_all.bundle
18870272	extracted/base_assets.apk/assets/bundle/GMEE.bytes
13906960	extracted/base_assets.apk/assets/bin/Data/Managed/Metadata/global-metadata.dat
12223999	extracted/base_assets.apk/assets/bundle/campskin_d_assets_all.bundle
10963839	extracted/base_assets.apk/assets/bundle/functions_seasonwarm_assets_all.bundle
9705200	extracted/base_assets.apk/assets/bundle/functions_activitysynthetic_sprites_d_assets_all.bundle
9696280	extracted/base_assets.apk/assets/bundle/functions_activitybacklab_d_assets_all.bundle
9358237	extracted/base_assets.apk/assets/bundle/config_wave_main_assets_all.bundle
9212664	extracted/base_assets.apk/assets/bundle/functions_survivor_assets_all.bundle
9017115	extracted/base_assets.apk/assets/bundle/config_d_assets_all.bundle
8995938	extracted/base_assets.apk/assets/bundle/gameobjs_survivor_3_assets_all.bundle
7869057	extracted/base_assets.apk/assets/bundle/sound_d_assets_all.bundle
7515475	extracted/base_assets.apk/assets/bundle/functions_seasonspve_seasonpvedungeon_sangshichaoxue02_assets_all.bundle
7461194	extracted/base_assets.apk/assets/bundle/video_d_assets_all.bundle
7281206	extracted/base_assets.apk/assets/bundle/functions_weaponskin_3dui_d_assets_all.bundle
6997488	extracted/base_assets.apk/assets/bundle/functions_cardcollection_texture_cupword_assets_all.bundle
6970126	extracted/base_assets.apk/assets/bin/Data/583688974a78044498603920e4c621b4
6970082	extracted/base_assets.apk/assets/bin/Data/63c06b47ab88b274eadb42c71e1dcf1c
6531050	extracted/base_assets.apk/assets/bundle/functions_seasonspve_seasonpvedungeon_sangshichaoxue03_assets_all.bundle
6190775	extracted/base_assets.apk/assets/bundle/functions_flyingchess_d_assets_all.bundle
6189502	extracted/base_assets.apk/assets/bin/Data/863b72deafa2a734b98054c07784a550
5989192	extracted/base_assets.apk/assets/bundle/prefabsn_roleai__assets_all.bundle
5935239	extracted/base_assets.apk/assets/bundle/functions_nianbeastactivity_assets_all.bundle
5853999	extracted/base_assets.apk/assets/bundle/functions_activityskirunner_sprites_d_assets_all.bundle
5793973	extracted/base_assets.apk/assets/bundle/gameobjs_hero_huonan_assets_all.bundle
5788622	extracted/base_assets.apk/assets/bundle/icons_itmeicons_d_assets_all.bundle
5592275	extracted/base_assets.apk/assets/bundle/config_tips_assets_all.bundle
5586200	extracted/base_assets.apk/assets/bundle/functions_seasonspve_seasonpvedungeon_sangshichaoxue01_assets_all.bundle
5332235	extracted/base_assets.apk/assets/bundle/ui_icon_playerinfo_d_assets_all.bundle
5017908	extracted/base_assets.apk/assets/audience_network.dex
4999087	extracted/base_assets.apk/assets/bundle/funcitons_compasses_assets_all.bundle
4927009	extracted/base_assets.apk/assets/bundle/ui_icon_passrewards_d_assets_all.bundle
4878364	extracted/base_assets.apk/assets/bundle/functions_unionfallencity_f_assets_all.bundle
4869877	extracted/base_assets.apk/assets/bundle/gameobjs_hero_baihe_assets_all.bundle
4856033	extracted/base_assets.apk/assets/bundle/functions_camp_textures_assets_all.bundle
4803346	extracted/base_assets.apk/assets/bundle/sound_bgm_assets_all.bundle
4692154	extracted/base_assets.apk/assets/bin/Data/a816deccd73a5e14293b936c8f3e5745
4692094	extracted/base_assets.apk/assets/bin/Data/15aeb2bb05b672d489738edb4bbd7428
4543714	extracted/base_assets.apk/assets/bundle/scene_saibomicheng_f_scenes_all.bundle
4532873	extracted/base_assets.apk/assets/bundle/scene_gvebattlescene_f_scenes_all.bundle
4397568	extracted/base_assets.apk/assets/bundle/MSAA.bytes
4389878	extracted/base_assets.apk/assets/bundle/font_ja_f_assets_all.bundle
4362081	extracted/base_assets.apk/assets/bundle/prefabsn_mapdata_d_assets_all.bundle
4318594	extracted/base_assets.apk/assets/bundle/font_zh_tw_f_assets_all.bundle
4283858	extracted/base_assets.apk/assets/bundle/functions_weaponskin_3d_d_assets_all.bundle
4249060	extracted/base_assets.apk/assets/bundle/functions_union_d_assets_all.bundle
4183617	extracted/base_assets.apk/assets/bundle/functions_monopolyactivity_assets_all.bundle
3976401	extracted/base_assets.apk/assets/bundle/ui_bg_d_assets_all.bundle
3867355	extracted/base_assets.apk/assets/bundle/ui_icon_relicicon_d_assets_all.bundle
3759964	extracted/base_assets.apk/assets/bundle/gameobjs_hero_tiantian_assets_all.bundle
3715314	extracted/base_assets.apk/assets/bin/Data/10be75db713cf3f4599344f44ac4777d
3715254	extracted/base_assets.apk/assets/bin/Data/270d4aeca7ca031438c7b2105c2e23c9
3710862	extracted/base_assets.apk/assets/bundle/gameobjs_robote_allpetskin_barmanturtle_pifu_assets_all.bundle
3590168	extracted/base_assets.apk/assets/bundle/config_wave_chanllge_assets_all.bundle
3503612	extracted/base_assets.apk/assets/bundle/scene_fallencity_01_scenes_all.bundle
3413947	extracted/base_assets.apk/assets/bundle/functions_activitytreasure_sea_assets_all.bundle
3391459	extracted/base_assets.apk/assets/bundle/functions_camp_prefabs_assets_all.bundle
3340885	extracted/base_assets.apk/assets/bundle/functions_seasonspve_seasonpvedungeon_mappark_assets_seasonpvedungeon_mappark_04.bundle
3291504	extracted/base_assets.apk/assets/bundle/functions_activitylottery_lanternfestivalhorse_assets_all.bundle
3241374	extracted/base_assets.apk/assets/bundle/font_ko_f_assets_all.bundle
3210566	extracted/base_assets.apk/assets/bundle/functions_doubleprizeactivity_assets_all.bundle
3209967	extracted/base_assets.apk/assets/bundle/functions_seasonspve_seasonpvedungeon_mappark_assets_seasonpvedungeon_mappark_05.bundle
3207271	extracted/base_assets.apk/assets/bundle/effect_materials_dl_assets_all.bundle
3205506	extracted/base_assets.apk/assets/bin/Data/9dcc03d7bde625a49af27a2d45d87f9a
3183958	extracted/base_assets.apk/assets/bundle/functions_seasonspve_seasonpvedungeon_mappark_assets_seasonpvedungeon_mappark_01.bundle
3129267	extracted/base_assets.apk/assets/bundle/functions-activityweaponsupply_icerawstone_d_assets_all.bundle
3125676	extracted/base_assets.apk/assets/bundle/scenes_nongchang_01_dl_assets_all.bundle
3125547	extracted/base_assets.apk/assets/bundle/functions_seasonspve_seasonpvedungeon_mappark_assets_seasonpvedungeon_mappark_03.bundle
3122608	extracted/base_assets.apk/assets/bundle/functions_christmas_d_assets_all.bundle
3101666	extracted/base_assets.apk/assets/bundle/functions_seasonspve_seasonpvedungeon_maplab_assets_seasonpvedungeon_maplab_03.bundle
3074429	extracted/base_assets.apk/assets/bundle/ui_icon_activitytriggergift1_d_assets_all.bundle
3060917	extracted/base_assets.apk/assets/bundle/functions_tarotcards_d_assets_all.bundle
3055528	extracted/base_assets.apk/assets/bundle/scene_shock_02_f_scenes_all.bundle
3045534	extracted/base_assets.apk/assets/bundle/ui_icon_activitytriggergift3_d_assets_all.bundle
3024059	extracted/base_assets.apk/assets/bundle/gameobjs-hero-2b_assets_all.bundle
3018358	extracted/base_assets.apk/assets/bundle/functions_seasonspve_seasonpvedungeon_maplab_assets_seasonpvedungeon_maplab_04.bundle
3009187	extracted/base_assets.apk/assets/bundle/functions_seasonspve_seasonpvedungeon_maplab_assets_seasonpvedungeon_maplab_02.bundle
3007795	extracted/base_assets.apk/assets/bundle/functions_rescuedialog_d_assets_all.bundle
3001930	extracted/base_assets.apk/assets/bundle/functions_seasonspve_seasonpvedungeon_maplab_assets_seasonpvedungeon_maplab_05.bundle
2991852	extracted/base_assets.apk/assets/bundle/ani_dl_assets_all.bundle
2966523	extracted/base_assets.apk/assets/bundle/functions_seasonspve_seasonpvedungeon_mappark_assets_seasonpvedungeon_mappark_02.bundle
2937287	extracted/base_assets.apk/assets/bundle/config_wave_activity_assets_all.bundle
2908231	extracted/base_assets.apk/assets/bundle/functions_activitycarnival_poxiao_assets_all.bundle
2905039	extracted/base_assets.apk/assets/bundle/scene_huatian_04_scenes_all.bundle
2865378	extracted/base_assets.apk/assets/bundle/functions_seasonspve_sprites_assets_all.bundle
2862393	extracted/base_assets.apk/assets/bundle/seasonspeople_assets_all.bundle
2859925	extracted/base_assets.apk/assets/bundle/functions_seasonspve_seasonpvedungeon_maplab_assets_seasonpvedungeon_maplab_01.bundle
2854487	extracted/base_assets.apk/assets/bundle/functions_weaponstar_assets_all.bundle
2830733	extracted/base_assets.apk/assets/bundle/functions_seasonspve_seasonpvedungeon_mapsubway_assets_seasonpvedungeon_mapsubway_04.bundle
2829841	extracted/base_assets.apk/assets/bundle/functions_activitycarnival_sishen_assets_all.bundle
2829504	extracted/base_assets.apk/assets/bundle/functions_activitylottery_vendingmachine_assets_all.bundle
2810860	extracted/base_assets.apk/assets/bundle/prefabsn_robot_d_assets_all.bundle
2810788	extracted/base_assets.apk/assets/bundle/functions_seasonspve_seasonpvedungeon_mapsubway_assets_seasonpvedungeon_mapsubway_03.bundle
2810663	extracted/base_assets.apk/assets/bundle/functions_seasonspve_seasonpvedungeon_mapsubway_assets_seasonpvedungeon_mapsubway_05.bundle
2806305	extracted/base_assets.apk/assets/bundle/font_sthupo_f_assets_all.bundle
2785137	extracted/base_assets.apk/assets/bundle/functions-mechanicalzombie_d_assets_all.bundle
2769656	extracted/base_assets.apk/assets/bundle/scene_cityrescue_02_scenes_all.bundle
2767595	extracted/base_assets.apk/assets/bundle/icons_relicicons_d_assets_all.bundle
2762298	extracted/base_assets.apk/assets/bundle/functions_activityoktoberfest_assets_all.bundle
2742760	extracted/base_assets.apk/assets/bundle/functions_seasonspve_seasonpvedungeon_mapsubway_assets_seasonpvedungeon_mapsubway_01.bundle
2706928	extracted/base_assets.apk/assets/bundle/functions_seasonspve_seasonpvedungeon_mapsubway_assets_seasonpvedungeon_mapsubway_02.bundle
2683820	extracted/base_assets.apk/assets/bundle/functions_carnivalactivity_assets_all_f7d5e5613f14a2f841e6fe82d8871694.bundle
2668336	extracted/base_assets.apk/assets/bundle/gameobjs_hero_huonv_assets_all.bundle
2660899	extracted/base_assets.apk/assets/bundle/gameobjs_weapon_weapon_emsaw_assets_all.bundle
2644898	extracted/base_assets.apk/assets/bundle/gameobjs_tj_dajiguang_assets_all.bundle
2641863	extracted/base_assets.apk/assets/bundle/ui_icon_campsite_d_assets_all.bundle
2639297	extracted/base_assets.apk/assets/bundle/functions_towerlotteryactivity_assets_all.bundle
2638519	extracted/base_assets.apk/assets/bundle/functions_activitylottery_newyear_assets_all.bundle
2590092	extracted/base_assets.apk/assets/bundle/functions-minigame_zombierun_assets_all.bundle
2553559	extracted/base_assets.apk/assets/bundle/functions_pongball_d_assets_all.bundle
2550032	extracted/base_assets.apk/assets/bundle/functions-seasonsdeveloparmor_spine2_d_assets_all.bundle
2531522	extracted/base_assets.apk/assets/bin/Data/af84c93de4ef58046b2b761c5f68d981
2519810	extracted/base_assets.apk/assets/bundle/functions_newtask_male_d_assets_all.bundle
2505849	extracted/base_assets.apk/assets/bundle/functions_escapelab_d_assets_all.bundle
2505441	extracted/base_assets.apk/assets/bundle/ui_icon_activityturntable_d_assets_all.bundle
2487779	extracted/base_assets.apk/assets/bundle/config_static_assets_all.bundle
2477438	extracted/base_assets.apk/assets/bundle/scene_shock_02_1_f_scenes_all.bundle
2453205	extracted/base_assets.apk/assets/bundle/functions_activityturntable_wpemsaw_assets_all.bundle
2440301	extracted/base_assets.apk/assets/bundle/font_zh_f_assets_all.bundle
2439294	extracted/base_assets.apk/assets/bundle/ui_icon_activitytriggergift_d_assets_all.bundle
2435200	extracted/base_assets.apk/assets/bundle/functions_marblelottery_assets_all.bundle
2433040	extracted/base_assets.apk/assets/bundle/functions-treasureactivity-textures_assets_all.bundle
2403681	extracted/base_assets.apk/assets/bundle/gameobjs-robote-allpetskin-fenghuangfire_assets_all.bundle
2400911	extracted/base_assets.apk/assets/bundle/functions_activityturntable_wpstarlight_assets_all.bundle
2379208	extracted/base_assets.apk/assets/bundle/function_season_modelres_ground2_d_assets_all.bundle
2348182	extracted/base_assets.apk/assets/bundle/function_season_modelres_ground_d_assets_all.bundle
2311262	extracted/base_assets.apk/assets/bundle/prefabsn_effect_ui_d_assets_all.bundle
2274782	extracted/base_assets.apk/assets/bundle/functions_sprintactivity_d_assets_all.bundle
2266983	extracted/base_assets.apk/assets/bundle/sound_bgm_spilt_assets_all.bundle
2236892	extracted/base_assets.apk/assets/bundle/prefabsn_weaponui_d_assets_all.bundle
2236053	extracted/base_assets.apk/assets/bundle/prefabsn_trainweapon_d_assets_all.bundle
2229606	extracted/base_assets.apk/assets/bundle/scene_shengdanjie_f_scenes_all.bundle
2191313	extracted/base_assets.apk/assets/bundle/functions_seasonsoverview_assets_all.bundle
2186684	extracted/base_assets.apk/assets/bundle/scene_hangmu_03_f_scenes_all.bundle
2182574	extracted/base_assets.apk/assets/bundle/gameobjs_sidearm_d_assets_all.bundle
2132516	extracted/base_assets.apk/assets/bundle/gameobjs_hero_windninja_assets_all.bundle
2120877	extracted/base_assets.apk/assets/bundle/functions_sidearm_d_assets_all.bundle
2100199	extracted/base_assets.apk/assets/bundle/scene_fangding_06_f_scenes_all.bundle
2086632	extracted/base_assets.apk/assets/bundle/scene_hangmu_05_f_scenes_all.bundle
2077195	extracted/base_assets.apk/assets/bundle/spriteatlas_camp_campevent_assets_all.bundle
2054824	extracted/base_assets.apk/assets/bundle/scene_timessquare_02_f_scenes_all.bundle
2024188	extracted/base_assets.apk/assets/bundle/scene_pata_1_f_scenes_all.bundle
2018637	extracted/base_assets.apk/assets/bundle/ui_icon_activityrobot_d_assets_all.bundle
2017509	extracted/base_assets.apk/assets/bundle/functions-luckselectw_scorchedengine_assets_all.bundle
2010503	extracted/base_assets.apk/assets/bundle/functions_activityturntable_herohuonv_assets_all.bundle
2009353	extracted/base_assets.apk/assets/bundle/functions_activityturntable_herotian_assets_all.bundle
1998575	extracted/base_assets.apk/assets/bundle/functions-seasonsdeveloparmor_spine3_d_assets_all.bundle
1994752	extracted/base_assets.apk/assets/bundle/SMBB.bytes
1976668	extracted/base_assets.apk/assets/bundle/character_enemy1001_dl_assets_all.bundle
1966155	extracted/base_assets.apk/assets/bundle/prefabsn_robotui_d_assets_all.bundle
1965961	extracted/base_assets.apk/assets/bundle/prefabsn_gene_helptexture_d2_assets_all.bundle
1943817	extracted/base_assets.apk/assets/bundle/functions_activitysynthetic_d_assets_all.bundle
1918078	extracted/base_assets.apk/assets/bundle/functions_cybercityactivity_d_assets_all.bundle
1913982	extracted/base_assets.apk/assets/bundle/functions_activityturntable_wpfirebeachrocket_assets_all.bundle
1901281	extracted/base_assets.apk/assets/bundle/functions_activityturntable_herobingnv_assets_all.bundle
1899646	extracted/base_assets.apk/assets/bundle/functions_activityturntable_wpiceelftower_assets_all.bundle
1878941	extracted/base_assets.apk/assets/bundle/functions_boardgame_d_assets_all.bundle
1874828	extracted/base_assets.apk/assets/bundle/functions_activityturntable_herohuonan_assets_all.bundle
1859830	extracted/base_assets.apk/assets/bundle/functions_activityturntable_herojiqiren_assets_all.bundle
1858365	extracted/base_assets.apk/assets/bundle/functions_thirdanniversaryactivity_assets_all.bundle
1857101	extracted/base_assets.apk/assets/bundle/scene_timessquare_01_f_scenes_all.bundle
1857001	extracted/base_assets.apk/assets/bundle/ui_icon_pet_d_assets_all.bundle
1850274	extracted/base_assets.apk/assets/bundle/functions_activityturntable_wpwindsource_assets_all.bundle
1846143	extracted/base_assets.apk/assets/bundle/ui_icon_activity_d_assets_all.bundle
1844039	extracted/base_assets.apk/assets/bundle/functions_activityturntable_herowindninja_assets_all.bundle
1843473	extracted/base_assets.apk/assets/bundle/scene_fangding_05_f_scenes_all.bundle
1827809	extracted/base_assets.apk/assets/bundle/functions-crossserversupport_assets_all.bundle
1824536	extracted/base_assets.apk/assets/bundle/functions-seasonsdeveloparmor_spine4_d_assets_all.bundle
1803918	extracted/base_assets.apk/assets/bundle/functions-activityturntable_herou_assets_all.bundle
1803313	extracted/base_assets.apk/assets/bundle/functions_magpiefestival_d_assets_all.bundle
1800543	extracted/base_assets.apk/assets/bundle/functions_cardcollection_textures_season2_s2rivercamp_assets_all.bundle
1770981	extracted/base_assets.apk/assets/bundle/scene_shoppingmall_03_f_scenes_all.bundle
1766824	extracted/base_assets.apk/assets/bundle/functions_cardcollection_textures_season2_s2dndstyle_assets_all.bundle
1764646	extracted/base_assets.apk/assets/bundle/functions_cardcollection_textures_season2_s2beachfish_assets_all.bundle
1755922	extracted/base_assets.apk/assets/bundle/functions_cardcollection_textures_season2_s2moviecollection_assets_all.bundle
1753577	extracted/base_assets.apk/assets/bundle/gameobjs_survivor_4_assets_all.bundle
1744664	extracted/base_assets.apk/assets/bundle/ui_icon_tdrank_d_assets_all.bundle
1731663	extracted/base_assets.apk/assets/bundle/scene_hangmu_04_f_scenes_all.bundle
1724870	extracted/base_assets.apk/assets/bin/Data/4447020142e953246910c2412de61467
1716382	extracted/base_assets.apk/assets/bundle/scene_huatian_03_scenes_all.bundle
1668684	extracted/base_assets.apk/assets/bundle/functions_lifetimecard_assets_all.bundle
1645853	extracted/base_assets.apk/assets/bundle/functions_seasonspve_seasonpvedungeon_trigger_assets_all.bundle
1645830	extracted/base_assets.apk/assets/bundle/gameobjs_hero_jiqiren_assets_all.bundle
1632142	extracted/base_assets.apk/assets/bundle/functions_activityelevenfestival_assets_all.bundle
1631939	extracted/base_assets.apk/assets/bundle/gameobjs_survivor_textures_assets_all.bundle
1628559	extracted/base_assets.apk/assets/bundle/scene_fangding_03_f_scenes_all.bundle
1619170	extracted/base_assets.apk/assets/bundle/gameobjs-tj-sishenjijia_d_assets_all.bundle
1617032	extracted/base_assets.apk/assets/bundle/function_season_modelres_dixing_d_assets_all.bundle
1616441	extracted/base_assets.apk/assets/bundle/functions_cardcollection_textures_season2_s2watchad_assets_all.bundle
1613947	extracted/base_assets.apk/assets/bundle/ui_icon_bossicon_d_assets_all.bundle
1613080	extracted/base_assets.apk/assets/bundle/gameobjs_hero_fengxing_d_assets_all.bundle
1610166	extracted/base_assets.apk/assets/bundle/functions_season_car_d_assets_all.bundle
1608896	extracted/base_assets.apk/assets/bundle/prefabsn_ui_equip_d_assets_all.bundle
1590667	extracted/base_assets.apk/assets/bundle/ui_icon_arena_d_assets_all.bundle
1590403	extracted/base_assets.apk/assets/bundle/scene_gonghuifangyuzhan_f_scenes_all.bundle
1581914	extracted/base_assets.apk/assets/bundle/prefabsn_hero_mainrole1005_f_assets_all.bundle
1580436	extracted/base_assets.apk/assets/bundle/scene_shoppingmall_02_f_scenes_all.bundle
1579238	extracted/base_assets.apk/assets/bundle/gameobjs_weapon_icerawstone_assets_all.bundle
1577190	extracted/base_assets.apk/assets/bundle/prefabsn_roleai_enemy1418_f_assets_all.bundle
1577068	extracted/base_assets.apk/assets/bundle/prefabsn_roleai_enemy1420_f_assets_all.bundle
1568123	extracted/base_assets.apk/assets/bundle/gameobjs_hero_lulu_d_assets_all.bundle
1567966	extracted/base_assets.apk/assets/bundle/prefabsn_ui_battle_d_assets_all.bundle
1565798	extracted/base_assets.apk/assets/bundle/functions-lotteryactivity-homecoming_assets_all.bundle
1565605	extracted/base_assets.apk/assets/bundle/prefabsn_roleai_enemy1417_f_assets_all.bundle
1565513	extracted/base_assets.apk/assets/bundle/prefabsn_roleai_enemy1419_f_assets_all.bundle
1557912	extracted/base_assets.apk/assets/bundle/scene_shiyanshi_01_f_scenes_all.bundle
1546523	extracted/base_assets.apk/assets/bundle/config11_d_assets_all.bundle
1545994	extracted/base_assets.apk/assets/bundle/scene_shoppingmall_05_f_scenes_all.bundle
1545459	extracted/base_assets.apk/assets/bundle/functions-seasonsdeveloparmor_spine1_d_assets_all.bundle
1544070	extracted/base_assets.apk/assets/bundle/functions_cardcollection_textures_season2_s2workplace_assets_all.bundle
1543709	extracted/base_assets.apk/assets/bundle/functions_unionduel_d_assets_all.bundle
1543454	extracted/base_assets.apk/assets/bundle/ui_icon_train_d_assets_all.bundle
1531365	extracted/base_assets.apk/assets/bundle/prefabsn_roleai_enemy1416_f_assets_all.bundle
1529810	extracted/base_assets.apk/assets/bundle/prefabsn_gene_uiresource_bg_d_assets_all.bundle
1529299	extracted/base_assets.apk/assets/bundle/functions-luckselectw_blackhole_assets_all.bundle
1526703	extracted/base_assets.apk/assets/bundle/prefabsn_hero_mainrole1008_ui_f_assets_all.bundle
1525152	extracted/base_assets.apk/assets/bundle/prefabsn_hero_mainrole1005_ui_f_assets_all.bundle
1521727	extracted/base_assets.apk/assets/bundle/prefabsn_roleai_enemy1415_f_assets_all.bundle
1509158	extracted/base_assets.apk/assets/bundle/scene_shoppingmall_04_f_scenes_all.bundle
1494174	extracted/base_assets.apk/assets/bundle/functions_weaponfitting_d_assets_all.bundle
1492939	extracted/base_assets.apk/assets/bundle/gameobjs_robote_allpetskin_gundam_assets_all.bundle
1492256	extracted/base_assets.apk/assets/bundle/functions_car_textures_d_assets_all.bundle
1491553	extracted/base_assets.apk/assets/bundle/prefabsn_ui_activity_d_assets_all.bundle
1487649	extracted/base_assets.apk/assets/bundle/functions_weaponskin_d_assets_all.bundle
1464693	extracted/base_assets.apk/assets/bundle/scene_junshijidi_05_f_scenes_all.bundle
1463707	extracted/base_assets.apk/assets/bundle/scene_shoppingmall_01_f_scenes_all.bundle
1459833	extracted/base_assets.apk/assets/bundle/scene_huatian_01_scenes_all.bundle
1459222	extracted/base_assets.apk/assets/bin/Data/2639a79184dad6240b8e8a54b271c886
1458019	extracted/base_assets.apk/assets/bundle/functions_cardcollection_textures_season2_s2paintchange_assets_all.bundle
1456313	extracted/base_assets.apk/assets/bundle/scene_cybercityscene_f_scenes_all.bundle
1438576	extracted/base_assets.apk/assets/bundle/functions_cardcollection_textures_season2_s2drinkad_assets_all.bundle
1405618	extracted/base_assets.apk/assets/bundle/functions_newtask_assets_all.bundle
1400861	extracted/base_assets.apk/assets/bundle/scene_junshijidi_04_f_scenes_all.bundle
1400491	extracted/base_assets.apk/assets/bundle/config1_d_assets_all.bundle
1393046	extracted/base_assets.apk/assets/bundle/ui_icon_challenge_d_assets_all.bundle
1391718	extracted/base_assets.apk/assets/bundle/functions_cardcollection_textures_season2_s2solobeer_assets_all.bundle
1384315	extracted/base_assets.apk/assets/bundle/scene_youeryuan_02_f_scenes_all.bundle
1357824	extracted/base_assets.apk/assets/bundle/UECM.bytes
1354351	extracted/base_assets.apk/assets/bundle/functions_activitysigninthanksgiving_assets_all.bundle
1346680	extracted/base_assets.apk/assets/bundle/scene_youeryuan_03_f_scenes_all.bundle
1345104	extracted/base_assets.apk/assets/bundle/functions_cardcollection_textures_season2_s2lips_assets_all.bundle
1339071	extracted/base_assets.apk/assets/bundle/scene_xunizhanchang_01_scenes_all.bundle
1333400	extracted/base_assets.apk/assets/bundle/gameobjs_robote_allpetskin_bigicedragon_assets_all.bundle
1320362	extracted/base_assets.apk/assets/bundle/scene_junshijidi_02_f_scenes_all.bundle
1318991	extracted/base_assets.apk/assets/bundle/scene_junshijidi_01_f_scenes_all.bundle
1318513	extracted/base_assets.apk/assets/bundle/character_enemy1002_dl_assets_all.bundle
1309290	extracted/base_assets.apk/assets/bundle/functions_periodicgiftpack_d_assets_all.bundle
1308872	extracted/base_assets.apk/assets/bundle/functions_seasonspve_uiprefabs_assets_all.bundle
1307744	extracted/base_assets.apk/assets/bundle/sprite_common_dl_assets_all.bundle
1297944	extracted/base_assets.apk/assets/bundle/functions-activityrobot_cosmokoi_assets_all.bundle
1290720	extracted/base_assets.apk/assets/bundle/scene_fangding_04_f_scenes_all.bundle
1286752	extracted/base_assets.apk/assets/bundle/ui_icon_flyingchess_d_assets_all.bundle
1278202	extracted/base_assets.apk/assets/bundle/gameobjs_robote_allpetskin_jizourenzhe_assets_all.bundle
1276083	extracted/base_assets.apk/assets/bundle/scene_junshijidi_03_f_scenes_all.bundle
1274558	extracted/base_assets.apk/assets/bundle/functions-treasureactivity-mineadventure_assets_all.bundle
1270972	extracted/base_assets.apk/assets/bundle/prefabsn_ui_shop_d_assets_all.bundle
1270383	extracted/base_assets.apk/assets/bundle/functions_luckselect_d_assets_all.bundle
1256909	extracted/base_assets.apk/assets/bundle/scene_fangding_02_f_scenes_all.bundle
1251361	extracted/base_assets.apk/assets/bundle/functions_teamplay_uieffects_d_assets_all.bundle
1248189	extracted/base_assets.apk/assets/bundle/gameobjs_tj_battlefortress_d_assets_all.bundle
1246900	extracted/base_assets.apk/assets/bundle/scene_meishicheng_01_scenes_all.bundle
1241827	extracted/base_assets.apk/assets/bundle/functions_thirdanniversarymian_assets_all.bundle
1238146	extracted/base_assets.apk/assets/bundle/scene_shock_01_f_scenes_all.bundle
1234082	extracted/base_assets.apk/assets/bundle/gameobjs_weapon_weapon_starlight_assets_all.bundle
1231548	extracted/base_assets.apk/assets/bundle/functions_supermearena_d_assets_all.bundle
1225887	extracted/base_assets.apk/assets/bundle/scene_gezijian_01_f_scenes_all.bundle
1222465	extracted/base_assets.apk/assets/bundle/scene_cityhall_02_f_scenes_all.bundle
1212730	extracted/base_assets.apk/assets/bundle/functions_activityrobot_radarskin_assets_all.bundle
1211596	extracted/base_assets.apk/assets/bundle/functions_playerreturns_d_assets_all.bundle
1204152	extracted/base_assets.apk/assets/bundle/prefabsn_ui_robot_d_assets_all.bundle
1204022	extracted/base_assets.apk/assets/bundle/ui_icon_common_d_assets_all.bundle
1201301	extracted/base_assets.apk/assets/bundle/functions_activityholiday_banquet_assets_all.bundle
1197523	extracted/base_assets.apk/assets/bundle/functions-rechargewelfare_assets_all.bundle
1172879	extracted/base_assets.apk/assets/bundle/ui_icon_trial_d_assets_all.bundle
1169772	extracted/base_assets.apk/assets/bundle/functions_activityholiday_sportsmeet_assets_all.bundle
1154077	extracted/base_assets.apk/assets/bundle/scene_subwaystation_03_f_scenes_all.bundle
1153795	extracted/base_assets.apk/assets/bundle/functions-activityvalentinesday_assets_all.bundle
1153631	extracted/base_assets.apk/assets/bundle/ui_icon_battlepass_d_assets_all.bundle
1153444	extracted/base_assets.apk/assets/bundle/functions_activityrobot_destroyskin_assets_all.bundle
1151538	extracted/base_assets.apk/assets/bundle/scene_campscene_scenes_all.bundle
1150654	extracted/base_assets.apk/assets/bundle/functions_activityrobot_uavskin_assets_all.bundle
1140998	extracted/base_assets.apk/assets/bundle/packedassets_assets_all.bundle
1136201	extracted/base_assets.apk/assets/bundle/functions_newyeardayactivity_d_assets_all.bundle
1133854	extracted/base_assets.apk/assets/bundle/functions_activityrobot_qieskin_assets_all.bundle
1133256	extracted/base_assets.apk/assets/bundle/functions_activityrobot_xuanfengskin_assets_all.bundle
1128393	extracted/base_assets.apk/assets/bundle/ui_icon_hero_d_assets_all.bundle
1121184	extracted/base_assets.apk/assets/bin/Data/unity default resources
1117542	extracted/base_assets.apk/assets/bundle/functions_activityrobot_yuanskin_assets_all.bundle
1116947	extracted/base_assets.apk/assets/bundle/functions_pvp_effects_d_assets_all.bundle
1116427	extracted/base_assets.apk/assets/bundle/scene_youeryuan_01_f_scenes_all.bundle
1115384	extracted/base_assets.apk/assets/bundle/gameobjs_weapon_firebeachrocket_assets_all.bundle
1114040	extracted/base_assets.apk/assets/bundle/scene_cityhall_01_f_scenes_all.bundle
1112465	extracted/base_assets.apk/assets/bundle/functions-activitywaterfestival_assets_all.bundle
1111128	extracted/base_assets.apk/assets/bundle/gameobjs-jixiesangshi-part-suit2_d_assets_all.bundle
1108950	extracted/base_assets.apk/assets/bundle/character_enemy2027_dl_assets_all.bundle
1107228	extracted/base_assets.apk/assets/bundle/functions_activityrobot_tuanskin_assets_all.bundle
1104896	extracted/base_assets.apk/assets/bundle/SMCCC.bytes
1101922	extracted/base_assets.apk/assets/bundle/functions-lotteryactivity-uiresource_assets_all.bundle
1095356	extracted/base_assets.apk/assets/bundle/functions_activityrobot_flagbear_assets_all.bundle
1094048	extracted/base_assets.apk/assets/bundle/ui_icon_activityturntable1_d_assets_all.bundle
1092177	extracted/base_assets.apk/assets/bundle/scene_hangmu_02_f_scenes_all.bundle
1088452	extracted/base_assets.apk/assets/bundle/functions-seasonsdeveloparmor_sprites_d_assets_all.bundle
1087954	extracted/base_assets.apk/assets/bundle/scene_hangmu_01_f_scenes_all.bundle
1078860	extracted/base_assets.apk/assets/bin/Data/8f586378b4e144a9851e7b34d9b748ee
1076867	extracted/base_assets.apk/assets/bundle/scene_huatian_02_scenes_all.bundle
1076249	extracted/base_assets.apk/assets/bundle/functions-activitylanternfestival_assets_all.bundle
1074557	extracted/base_assets.apk/assets/bundle/function_season_modelres_building_d_assets_all.bundle
1074052	extracted/base_assets.apk/assets/bundle/functions_activityrobot_icespiderslayer_assets_all.bundle
1068165	extracted/base_assets.apk/assets/bundle/prefabsn_ui_virtualfield_d_assets_all.bundle
1066510	extracted/base_assets.apk/assets/bundle/ui_icon_dialogue_d_assets_all.bundle
1066036	extracted/base_assets.apk/assets/bundle/functions_activityholiday_train_assets_all.bundle
1053820	extracted/base_assets.apk/assets/bundle/functions-activityrobot_twinmaid_assets_all.bundle
1048744	extracted/base_assets.apk/assets/bundle/scenes_city_01_dl_assets_all.bundle
1048576	extracted/base_assets.apk/assets/bin/Data/globalgamemanagers.assets.split0
1048526	extracted/base_assets.apk/assets/bundle/functions-activityrobot_volcanoship_assets_all.bundle
1043553	extracted/base_assets.apk/assets/bundle/functions_activityrace_d_assets_all.bundle
1039997	extracted/base_assets.apk/assets/bundle/ui_icon_passrewards1_d_assets_all.bundle
1039765	extracted/base_assets.apk/assets/bundle/scene_subwaystation_01_f_scenes_all.bundle
1033763	extracted/base_assets.apk/assets/bundle/ui_icon_box_d_assets_all.bundle
1022062	extracted/base_assets.apk/assets/bundle/scene_nongchang_02_f_scenes_all.bundle
1020427	extracted/base_assets.apk/assets/bundle/functions_activityrobot_wingsofsalvationskin_assets_all.bundle
1007582	extracted/base_assets.apk/assets/bundle/gameobjs_robote_jokerham_assets_all.bundle
1000709	extracted/base_assets.apk/assets/bundle/ui_icon_activitytriggergift2_d_assets_all.bundle
998718	extracted/base_assets.apk/assets/bundle/prefabsn_roleai_enemy1001_run_f_assets_all.bundle
997777	extracted/base_assets.apk/assets/bundle/functions-lotteryactivity-easterday_assets_all.bundle
996640	extracted/base_assets.apk/assets/bundle/functions_festivalpassactivityui_assets_all.bundle
994585	extracted/base_assets.apk/assets/bundle/gameobjs_hero_juntuanzhang_d_assets_all.bundle
985557	extracted/base_assets.apk/assets/bundle/prefabsn_effect_highwayprop_d_assets_all.bundle
984341	extracted/base_assets.apk/assets/bundle/scene_unionexplorescene_f_scenes_all.bundle
983222	extracted/base_assets.apk/assets/bundle/functions_union_gveexplore_grid_unionexploregrid_f_assets_all.bundle
978924	extracted/base_assets.apk/assets/bundle/character_enemy1004_dl_assets_all.bundle
974554	extracted/base_assets.apk/assets/bundle/functions_activityrobot_ninjadog_assets_all.bundle
971488	extracted/base_assets.apk/assets/bundle/scene_shiyanshi_02_f_scenes_all.bundle
966815	extracted/base_assets.apk/assets/bundle/functions-lotteryactivity-laborday_assets_all.bundle
962124	extracted/base_assets.apk/assets/bundle/prefabsn_hero_mainrole1001_1_ui_f_assets_all.bundle
957315	extracted/base_assets.apk/assets/bundle/character_enemy1003_dl_assets_all.bundle
951442	extracted/base_assets.apk/assets/bundle/functions-lotteryactivity-halloweenday_assets_all.bundle
943280	extracted/base_assets.apk/assets/bundle/prefabsn_hero_mainrole1001_ui_f_assets_all.bundle
928364	extracted/base_assets.apk/assets/bundle/ui_icon_citiao_d_assets_all.bundle
925027	extracted/base_assets.apk/assets/bundle/gameobjs-jixiesangshi_d_assets_all.bundle
921988	extracted/base_assets.apk/assets/bundle/functions_seasonspve_seasonpvedungeon_assets_all.bundle
921418	extracted/base_assets.apk/assets/bundle/prefabsn_roleai_enemy1301_f_assets_all.bundle
916968	extracted/base_assets.apk/assets/bundle/scene_subwaystation_02_f_scenes_all.bundle
915622	extracted/base_assets.apk/assets/bundle/functions_activityrobot_icedragonskin_assets_all.bundle
914463	extracted/base_assets.apk/assets/bundle/functions-weapon-scorchedengine_assets_all.bundle
907591	extracted/base_assets.apk/assets/bundle/functions_activityrobot_motorcyclepiskin_assets_all.bundle
907348	extracted/base_assets.apk/assets/bundle/prefabsn_gene_gene_uiresource_assets_all.bundle
902466	extracted/base_assets.apk/assets/bundle/prefabsn_ui_pvpui_d_assets_all.bundle
900587	extracted/base_assets.apk/assets/bundle/functions_mecha_d_assets_all.bundle
900269	extracted/base_assets.apk/assets/bundle/gameobjs_weapon_iceelftower_assets_all.bundle
893890	extracted/base_assets.apk/assets/bundle/prefabsn_campsite_dl_assets_all.bundle
893805	extracted/base_assets.apk/assets/bundle/gameobjs_weapon_hurricane_assets_all.bundle
892099	extracted/base_assets.apk/assets/bundle/gameobjs_hero_lan_d_assets_all.bundle
891961	extracted/base_assets.apk/assets/bundle/functions_activityrobot_captainhamsterskin_assets_all.bundle
864280	extracted/base_assets.apk/assets/bundle/gameobjs_robote_motorcyclepi_d_assets_all.bundle
862729	extracted/base_assets.apk/assets/bundle/prefabsn_hero_mainrole1007_ui_f_assets_all.bundle
861406	extracted/base_assets.apk/assets/bundle/gameobjs_hero_xingguang_d_assets_all.bundle
861122	extracted/base_assets.apk/assets/iads/index.js
860771	extracted/base_assets.apk/assets/bundle/functions_activityrobot_agm3skin_assets_all.bundle
860608	extracted/base_assets.apk/assets/bundle/gameobjs_weapon_blackhole_d_assets_all.bundle
859945	extracted/base_assets.apk/assets/bundle/prefabsn_hero_mainrole1002_ui_f_assets_all.bundle
859082	extracted/base_assets.apk/assets/bundle/scene_shiyanshi_boss02_f_scenes_all.bundle
848864	extracted/base_assets.apk/assets/bundle/gameobjs_robote_allpetskin_tuantuan_pifu_assets_all.bundle
840599	extracted/base_assets.apk/assets/bundle/gameobjs_robote_rabbitband_d_assets_all.bundle
839899	extracted/base_assets.apk/assets/bundle/gameobjs_car_car_pirate_assets_all.bundle
838075	extracted/base_assets.apk/assets/bundle/scenes_lianyouchang_01_dl_assets_all.bundle
837764	extracted/base_assets.apk/assets/bundle/functions_activityrobot_jokerham_assets_all.bundle
837268	extracted/base_assets.apk/assets/bundle/functions_mecha_uiprefabs_d_assets_all.bundle
834561	extracted/base_assets.apk/assets/bundle/scene_nongchang_03_f_scenes_all.bundle
832910	extracted/base_assets.apk/assets/bundle/spriteatlas_d_assets_all.bundle
831024	extracted/base_assets.apk/assets/bundle/seasonstips_assets_all.bundle
822773	extracted/base_assets.apk/assets/bundle/prefabsn_effect_enemybullet_d_assets_all.bundle
819852	extracted/base_assets.apk/assets/bundle/function_season_ui_d_assets_all.bundle
819128	extracted/base_assets.apk/assets/bundle/ui_icon_bosschallenge_d_assets_all.bundle
811608	extracted/base_assets.apk/assets/bundle/scene_cityrescue_01_scenes_all.bundle
801893	extracted/base_assets.apk/assets/bundle/functions_activityrobot_barmanturtleskin_assets_all.bundle
798569	extracted/base_assets.apk/assets/bundle/prefabsn_roleai_enemy1106_f_assets_all.bundle
795368	extracted/base_assets.apk/assets/bundle/ui_icon_mainmenu_d_assets_all.bundle
788809	extracted/base_assets.apk/assets/bundle/gameobjs-robote-twinmaid_assets_all.bundle
787625	extracted/base_assets.apk/assets/bundle/prefabsn_ui_logo_d_assets_all.bundle
784018	extracted/base_assets.apk/assets/bundle/icons_skillicons_d_assets_all.bundle
777739	extracted/base_assets.apk/assets/bundle/functions-seasonsdeveloptalent_d_assets_all.bundle
775867	extracted/base_assets.apk/assets/bundle/ui_icon_weapon_d_assets_all.bundle
775002	extracted/base_assets.apk/assets/bundle/functions_seasonsmonthlypassandbattlepass_assets_all.bundle
774327	extracted/base_assets.apk/assets/bundle/ui_icon_piggybank_d_assets_all.bundle
773734	extracted/base_assets.apk/assets/bundle/functions_activityrobot_all_assets_all.bundle
755463	extracted/base_assets.apk/assets/bundle/functions_questcycle_d_assets_all.bundle
746165	extracted/base_assets.apk/assets/bundle/prefabsn_ui_resident_d_assets_all.bundle
746089	extracted/base_assets.apk/assets/bundle/gameobjs_robote_leishen_d_assets_all.bundle
741152	extracted/base_assets.apk/assets/bundle/gameobjs_robote_allpetskin_drilljojo_assets_all.bundle
737149	extracted/base_assets.apk/assets/bundle/prefabsn_roleai_nenemy2024_f_assets_all.bundle
733964	extracted/base_assets.apk/assets/bundle/gameobjs_car_car_solrecycle_assets_all.bundle
732047	extracted/base_assets.apk/assets/bundle/gameobjs_car_pika_d_assets_all.bundle
728730	extracted/base_assets.apk/assets/bundle/prefabsn_roleai_nenemy1102_f_assets_all.bundle
724495	extracted/base_assets.apk/assets/bundle/function_season_uiprefab_d_assets_all.bundle
723217	extracted/base_assets.apk/assets/bundle/ui_robotlottery_d_assets_all.bundle
722370	extracted/base_assets.apk/assets/bundle/functions_cardcollection_textures_season2_assets_all.bundle
715775	extracted/base_assets.apk/assets/bundle/gameobjs-jixiesangshi-part-suit1_d_assets_all.bundle
699381	extracted/base_assets.apk/assets/bundle/prefabsn_roleai_enemy3035_f_assets_all.bundle
698499	extracted/base_assets.apk/assets/bundle/functions_mecha_uieffects_d_assets_all.bundle
694880	extracted/base_assets.apk/assets/bundle/scene-cityhall_01zudui_scenes_all.bundle
686446	extracted/base_assets.apk/assets/bundle/functions_olympicactivity_d_assets_all.bundle
679058	extracted/base_assets.apk/assets/bundle/gameobjs-jixiesangshi-part-default_d_assets_all.bundle
678575	extracted/base_assets.apk/assets/bundle/functions_energycore_assets_all.bundle
676280	extracted/base_assets.apk/assets/bundle/gameobjs_hero_jiamian_d_assets_all.bundle
673668	extracted/base_assets.apk/assets/bundle/gameobjs_car_12_d_assets_all.bundle
668414	extracted/base_assets.apk/assets/bundle/gameobjs_car_car_farmalien_assets_all.bundle
662101	extracted/base_assets.apk/assets/bundle/scene_shiyanshi_boss_f_scenes_all.bundle
661202	extracted/base_assets.apk/assets/bundle/scene_nongchang_01_f_scenes_all.bundle
659623	extracted/base_assets.apk/assets/bundle/prefabsn_roleai_enemy3021_f_assets_all.bundle
659470	extracted/base_assets.apk/assets/bundle/functions_jointserviceactivity_textures_d_assets_all.bundle
656794	extracted/base_assets.apk/assets/bundle/scene_3rd_boss02_scenes_all.bundle
655162	extracted/base_assets.apk/assets/bundle/gameobjs_robote_radar_d_assets_all.bundle
655109	extracted/base_assets.apk/assets/bundle/ui_icon_relic_d_assets_all.bundle
649423	extracted/base_assets.apk/assets/bundle/scenes_station_01_dl_assets_all.bundle
645210	extracted/base_assets.apk/assets/bundle/gameobjs_robote_megapetdog_assets_all.bundle
643471	extracted/base_assets.apk/assets/bundle/ui_icon_commonfestival_d_assets_all.bundle
640024	extracted/base_assets.apk/assets/bundle/ui_icon_activityturntable5_d_assets_all.bundle
630585	extracted/base_assets.apk/assets/bundle/scene_moricity_01_f_scenes_all.bundle
630333	extracted/base_assets.apk/assets/bundle/scene_mainscene_f_scenes_all.bundle
629849	extracted/base_assets.apk/assets/bundle/ui_logo_assets_all.bundle
629768	extracted/base_assets.apk/assets/bundle/gameobjs_robote_ninjadog_assets_all.bundle
629531	extracted/base_assets.apk/assets/bundle/ui_icon_activityturntable2_d_assets_all.bundle
628753	extracted/base_assets.apk/assets/bundle/functions_racingcaractivity_assets_all.bundle
628378	extracted/base_assets.apk/assets/bundle/ui_icon_accumulaterechargeactivity_d_assets_all.bundle
628357	extracted/base_assets.apk/assets/bundle/functions_activityskirunner_3d_d_assets_all.bundle
626338	extracted/base_assets.apk/assets/bundle/prefabsn_roleai_enemy4002_f_assets_all.bundle
621166	extracted/base_assets.apk/assets/bundle/prefabsn_ui_newtaskui_d_assets_all.bundle
620811	extracted/base_assets.apk/assets/bundle/prefabsn_ui_weapon_d_assets_all.bundle
617860	extracted/base_assets.apk/assets/bundle/prefabsn_effect_activity_d_assets_all.bundle
615696	extracted/base_assets.apk/assets/aa/catalog.bundle
614641	extracted/base_assets.apk/assets/bundle/catalog.bundle
613373	extracted/base_assets.apk/assets/bundle/scene-city_10_scenes_all.bundle
612917	extracted/base_assets.apk/assets/bundle/functions_minigame_d_assets_all.bundle
612532	extracted/base_assets.apk/assets/bundle/prefabsn_ui_relic_d_assets_all.bundle
611813	extracted/base_assets.apk/assets/bundle/gameobjs_tj_zhishengji_assets_all.bundle
608370	extracted/base_assets.apk/assets/bundle/ui_icon_activityturntable3_d_assets_all.bundle
606178	extracted/base_assets.apk/assets/bundle/ui_icon_activityturntable_herozz_d_assets_all.bundle
604350	extracted/base_assets.apk/assets/bundle/scene-ski_runner_02_scenes_all.bundle
599397	extracted/base_assets.apk/assets/bundle/ui_icon_rankbottom_d_assets_all.bundle
592350	extracted/base_assets.apk/assets/bundle/ui_icon_activityturntable4_d_assets_all.bundle
591373	extracted/base_assets.apk/assets/bundle/gameobjs_car_car_knightcar_assets_all.bundle
587133	extracted/base_assets.apk/assets/bundle/gameobjs_robote_allpetskin_magnetking_assets_all.bundle
584018	extracted/base_assets.apk/assets/bin/Data/ed68d5c8ddc70af4e8c2613b2525c01c
582567	extracted/base_assets.apk/assets/bundle/ui_bg1_d_assets_all.bundle
580795	extracted/base_assets.apk/assets/bundle/functions_firstcharge_d_assets_all.bundle
579154	extracted/base_assets.apk/assets/bundle/prefabsn_effect_citiaobullet_d_assets_all.bundle
576207	extracted/base_assets.apk/assets/bundle/ui_icon_virtualfield_d_assets_all.bundle
574443	extracted/base_assets.apk/assets/bundle/prefabsn_ui_main_d_assets_all.bundle
570409	extracted/base_assets.apk/assets/bundle/gameobjs_car_car_metatrushcar_assets_all.bundle
566579	extracted/base_assets.apk/assets/bundle/prefabsn_roleai_enemy1406_f_assets_all.bundle
566212	extracted/base_assets.apk/assets/bundle/gameobjs_car_vampirecar_d_assets_all.bundle
566126	extracted/base_assets.apk/assets/iads/sdk_controller.min.gz.js
563287	extracted/base_assets.apk/assets/bundle/ui_icon_activityturntable_wpstorm_d_assets_all.bundle
560040	extracted/base_assets.apk/assets/bundle/prefabsn_effect_robotbullet_d_assets_all.bundle
558740	extracted/base_assets.apk/assets/bundle/prefabsn_roleai_enemy1407_f_assets_all.bundle
558641	extracted/base_assets.apk/assets/bundle/gameobjs_robote_icespiderslayer_assets_all.bundle
558132	extracted/base_assets.apk/assets/bundle/gameobjs_car_car_schoolcar_d_assets_all.bundle
557952	extracted/base_assets.apk/assets/bundle/ui_icon_activityturntable_wpneon_d_assets_all.bundle
557246	extracted/base_assets.apk/assets/bin/Data/c402eeb42666c3544bea70cd8231648d
555851	extracted/base_assets.apk/assets/bundle/functions_midautumnfestival_d_assets_all.bundle
554007	extracted/base_assets.apk/assets/bundle/functions_seasonsquests_assets_all.bundle
553723	extracted/base_assets.apk/assets/bundle/functions_seasonscityfight_assets_all.bundle
553716	extracted/base_assets.apk/assets/bundle/gameobjs_car_jujiqiang_d_assets_all.bundle
553557	extracted/base_assets.apk/assets/bundle/ui_icon_activityturntable_herojm_d_assets_all.bundle
551158	extracted/base_assets.apk/assets/bundle/scene-city_07_scenes_all.bundle
550319	extracted/base_assets.apk/assets/bundle/scene_20_football_f_scenes_all.bundle
546045	extracted/base_assets.apk/assets/bundle/gameobjs_car_sandanqiang_d_assets_all.bundle
545517	extracted/base_assets.apk/assets/bundle/scene-city_06_scenes_all.bundle
543340	extracted/base_assets.apk/assets/bundle/prefabsn_effect_sj_assets_all.bundle
542097	extracted/base_assets.apk/assets/bundle/prefabsn_hero_mainrole1003_ui_f_assets_all.bundle
541408	extracted/base_assets.apk/assets/bundle/scene-ski_runner_01_scenes_all.bundle
539610	extracted/base_assets.apk/assets/bundle/functions_seasonspve_seasonpvedungeon_trigger_prop_assets_all.bundle
538541	extracted/base_assets.apk/assets/bundle/gameobjs_robote_allpetskin_hamstercap_assets_all.bundle
538389	extracted/base_assets.apk/assets/bundle/gameobjs_weapon_barrettshenglin_d_assets_all.bundle
538383	extracted/base_assets.apk/assets/bundle/ui_icon_activityturntable_herofx_d_assets_all.bundle
534861	extracted/base_assets.apk/assets/bundle/prefabsn_ui_lotteryeventui_d_assets_all.bundle
530840	extracted/base_assets.apk/assets/bundle/weapon_weapon_neoncrossbow_dl_assets_all.bundle
529943	extracted/base_assets.apk/assets/bundle/functions_duanwufestival_d_assets_all.bundle
527526	extracted/base_assets.apk/assets/bundle/gameobjs_car_saiche_d_assets_all.bundle
526936	extracted/base_assets.apk/assets/bundle/character_hero1007_dl_assets_all.bundle
522912	extracted/base_assets.apk/assets/bundle/functions_union_gveexplore_grid_teamcampboss_f_assets_all.bundle
519704	extracted/base_assets.apk/assets/bundle/prefabsn_effect_zidandandao_assets_all.bundle
519451	extracted/base_assets.apk/assets/bundle/functions_seasonwarm_one_assets_all.bundle
516050	extracted/base_assets.apk/assets/bundle/gameobjs_car_buqiang_d_assets_all.bundle
515690	extracted/base_assets.apk/assets/bundle/functions-battlepass_assets_all.bundle
513801	extracted/base_assets.apk/assets/bundle/prefabsn_hero_mainrolexiniu_f_assets_all.bundle
513453	extracted/base_assets.apk/assets/bundle/prefabsn_effect_equip_d_assets_all.bundle
507185	extracted/base_assets.apk/assets/bundle/gameobjs_car_zhongjiqiang_d_assets_all.bundle
506981	extracted/base_assets.apk/assets/bundle/prefabsn_ui_campsite_d_assets_all.bundle
505788	extracted/base_assets.apk/assets/bundle/prefabsn_roleai_enemy3020_f_assets_all.bundle
500884	extracted/base_assets.apk/assets/bundle/gameobjs_car_huojianpao_d_assets_all.bundle
497893	extracted/base_assets.apk/assets/bundle/prefabsn_ui_drawing_d_assets_all.bundle
496184	extracted/base_assets.apk/assets/bundle/functions_weapontactic_assets_all.bundle
490320	extracted/base_assets.apk/assets/bundle/gameobjs_car_sakurawings_assets_all.bundle
490060	extracted/base_assets.apk/assets/bundle/functions_jointserviceactivity_uiprefabs_mergeserveractivityui_f_assets_all.bundle
490024	extracted/base_assets.apk/assets/bundle/gameobjs_car_arasakasamurai_d_assets_all.bundle
489142	extracted/base_assets.apk/assets/bundle/gameobjs_robote_allpetskin_pandacheer_assets_all.bundle
487918	extracted/base_assets.apk/assets/bundle/gameobjs_robote_allpetskin_fenghuanggod_assets_all.bundle
487719	extracted/base_assets.apk/assets/bundle/gamedll_assets_all.bundle
486604	extracted/base_assets.apk/assets/bundle/gameobjs_robote_allpetskin_agm3_pifu_assets_all.bundle
484912	extracted/base_assets.apk/assets/bundle/prefabsn_cyberactivity_carboss_12_f_assets_all.bundle
484457	extracted/base_assets.apk/assets/bundle/gameobjs_robote_flagbear_assets_all.bundle
483125	extracted/base_assets.apk/assets/bundle/gameobjs_car_gongnu_d_assets_all.bundle
480478	extracted/base_assets.apk/assets/bundle/gameobjs-robote-volcanoship_assets_all.bundle
479337	extracted/base_assets.apk/assets/bundle/prefabsn_hero_mainrole1004_ui_f_assets_all.bundle
479240	extracted/base_assets.apk/assets/bundle/phonenumberbinding_assets_all.bundle
475138	extracted/base_assets.apk/assets/bundle/ui_icon_signin_d_assets_all.bundle
475135	extracted/base_assets.apk/assets/bundle/ui_icon_activityrobot_yuan_d_assets_all.bundle
464152	extracted/base_assets.apk/assets/bundle/prefabsn_hero_mainrole1009_ui_f_assets_all.bundle
463070	extracted/base_assets.apk/assets/bundle/gameobjs_robote_manbuxuanfeng_d_assets_all.bundle
462965	extracted/base_assets.apk/assets/bundle/prefabsn_gene_helptexture_d_assets_all.bundle
459667	extracted/base_assets.apk/assets/bundle/ui_icon_activityrobot_radar_d_assets_all.bundle
459301	extracted/base_assets.apk/assets/bundle/prefabsn_effect_herobullet_d_assets_all.bundle
459123	extracted/base_assets.apk/assets/bundle/prefabsn_bullet_allbullet_d_assets_all.bundle
458820	extracted/base_assets.apk/assets/bin/Data/globalgamemanagers
457667	extracted/base_assets.apk/assets/bundle/scene_topking_f_scenes_all.bundle
453517	extracted/base_assets.apk/assets/bundle/ui_icon_activityrobot_leishen_d_assets_all.bundle
452424	extracted/base_assets.apk/assets/bundle/gameobjs_robote_allpetskin_huimiehx_assets_all.bundle
442826	extracted/base_assets.apk/assets/bundle/ui_icon_activityrobot_zixuan_d_assets_all.bundle
441379	extracted/base_assets.apk/assets/bundle/scene-city_08_scenes_all.bundle
439984	extracted/base_assets.apk/assets/aa/AddressablesLink/link.xml
439302	extracted/base_assets.apk/assets/bundle/character_enemy2024_dl_assets_all.bundle
438872	extracted/base_assets.apk/assets/bundle/functions_seasonsreport_assets_all.bundle
433808	extracted/base_assets.apk/assets/bin/Data/sharedassets0.assets
433801	extracted/base_assets.apk/assets/bundle/ui_icon_activityrobot_1_d_assets_all.bundle
432852	extracted/base_assets.apk/assets/bundle/character_enemy2026_dl_assets_all.bundle
432556	extracted/base_assets.apk/assets/bundle/weapon_shengdan_dl_assets_all.bundle
431974	extracted/base_assets.apk/assets/bundle/weapon_cursehand_dl_assets_all.bundle
426875	extracted/base_assets.apk/assets/bundle/icons_decorationicons_d_assets_all.bundle
426030	extracted/base_assets.apk/assets/bundle/gameobjs_robote_captainhamster_d_assets_all.bundle
423041	extracted/base_assets.apk/assets/bundle/functions_jointserviceactivity_uiprefabs_mergeserveractivityquestui_f_assets_all.bundle
422514	extracted/base_assets.apk/assets/bundle/prefabsn_ui_escapelab_d_assets_all.bundle
422479	extracted/base_assets.apk/assets/bundle/functions_teamplay_uiprefabs_systemshopui_f_assets_all.bundle
420167	extracted/base_assets.apk/assets/bundle/ui_icon_gold_d_assets_all.bundle
419316	extracted/base_assets.apk/assets/bundle/functions_car_prefabs_d_assets_all.bundle
418900	extracted/base_assets.apk/assets/bundle/character_enemy2016_dl_assets_all.bundle
416461	extracted/base_assets.apk/assets/bundle/prefabsn_gene_d_assets_all.bundle
416126	extracted/base_assets.apk/assets/bundle/scene_station_02_f_scenes_all.bundle
412496	extracted/base_assets.apk/assets/bundle/gameobjs_survivor_8_assets_all.bundle
410797	extracted/base_assets.apk/assets/bundle/gameobjs_uieffects-zbjh_assets_all.bundle
409185	extracted/base_assets.apk/assets/bundle/ui_icon_activityrobot_tuan_d_assets_all.bundle
409122	extracted/base_assets.apk/assets/bundle/scene_defend_03_f_scenes_all.bundle
407434	extracted/base_assets.apk/assets/bundle/functions_weapongacha_assets_all.bundle
407003	extracted/base_assets.apk/assets/bundle/scene_station_01_f_scenes_all.bundle
406286	extracted/base_assets.apk/assets/bundle/prefabsn_roleai_enemy1408_f_assets_all.bundle
399394	extracted/base_assets.apk/assets/bundle/character_enemy2005_dl_assets_all.bundle
396848	extracted/base_assets.apk/assets/bin/Data/Resources/unity_builtin_extra
392547	extracted/base_assets.apk/assets/bundle/prefabsn_roleai_enemy3016_f_assets_all.bundle
391610	extracted/base_assets.apk/assets/bundle/scene_city_04_f_scenes_all.bundle
391016	extracted/base_assets.apk/assets/bundle/ui_icon_dailypack_d_assets_all.bundle
385882	extracted/base_assets.apk/assets/bundle/gameobjs_survivor_9_assets_all.bundle
385012	extracted/base_assets.apk/assets/bundle/prefabsn_sidearm_assets_all.bundle
383638	extracted/base_assets.apk/assets/bundle/functions_seasonsfaction_assets_all.bundle
383119	extracted/base_assets.apk/assets/bundle/functions_thanksgivingday_d_assets_all.bundle
382014	extracted/base_assets.apk/assets/bundle/prefabsn_gene_icon_d_assets_all.bundle
381458	extracted/base_assets.apk/assets/bundle/scene_sangshichaoxue_scenes_all.bundle
381151	extracted/base_assets.apk/assets/bundle/functions_dailysupply_assets_all.bundle
380127	extracted/base_assets.apk/assets/bundle/prefabsn_hero_mainrole9999_ui_f_assets_all.bundle
379630	extracted/base_assets.apk/assets/bundle/gameobjs_weapon_lightning_arrester_d_assets_all.bundle
379234	extracted/base_assets.apk/assets/bundle/gameobjs_robote_cosmokoi_d_assets_all.bundle
376922	extracted/base_assets.apk/assets/bundle/prefabsn_ui_hero_d_assets_all.bundle
376468	extracted/base_assets.apk/assets/bundle/character_enemy2004_dl_assets_all.bundle
373671	extracted/base_assets.apk/assets/bundle/weapon_skin_rosehuter_1302_dl_assets_all.bundle
372222	extracted/base_assets.apk/assets/bundle/scene_lianyouchang_01_f_scenes_all.bundle
369516	extracted/base_assets.apk/assets/bundle/gameobjs_robote_allpetskin_kuijiaqie_assets_all.bundle
369438	extracted/base_assets.apk/assets/bundle/prefabsn_ui_herodraw_d_assets_all.bundle
365974	extracted/base_assets.apk/assets/bundle/functions_specialbattlepass_d_assets_all.bundle
362305	extracted/base_assets.apk/assets/bundle/scene_lianyouchang_02_f_scenes_all.bundle
361838	extracted/base_assets.apk/assets/bundle/scene_3rd_boss05_scenes_all.bundle
360589	extracted/base_assets.apk/assets/bundle/prefabsn_ui_worldcubpongball_d_assets_all.bundle
360366	extracted/base_assets.apk/assets/bundle/functions_friendinvitation_d_assets_all.bundle
359753	extracted/base_assets.apk/assets/bundle/prefabsn_roleai_enemy1107_f_assets_all.bundle
359577	extracted/base_assets.apk/assets/bundle/gameobjs_hero_paoku_d_assets_all.bundle
358994	extracted/base_assets.apk/assets/bundle/weapon_patriot_dl_assets_all.bundle
353030	extracted/base_assets.apk/assets/bin/Data/e3265ab4bf004d28a9537516768c1c75
352958	extracted/base_assets.apk/assets/bundle/prefabs_roleai_enemyshuguaii_f_assets_all.bundle
351079	extracted/base_assets.apk/assets/bundle/font_vi_f_assets_all.bundle
350971	extracted/base_assets.apk/assets/bundle/prefabsn_ui_arena_d_assets_all.bundle
349595	extracted/base_assets.apk/assets/bundle/scene_3rd_boss01_scenes_all.bundle
348259	extracted/base_assets.apk/assets/bundle/character_destroy_dl_assets_all.bundle
345223	extracted/base_assets.apk/assets/bundle/functions_treasureactivity_d_assets_all.bundle
341870	extracted/base_assets.apk/assets/bundle/weapon_skin_rosehuter_2001_dl_assets_all.bundle
338279	extracted/base_assets.apk/assets/bundle/functions-relic_assets_all.bundle
337563	extracted/base_assets.apk/assets/bin/Data/Managed/Resources/mscorlib.dll-resources.dat
334948	extracted/base_assets.apk/assets/bundle/ui_icon_activitytriggergift4_d_assets_all.bundle
334275	extracted/base_assets.apk/assets/bundle/functions_shop_d_assets_all.bundle
334134	extracted/base_assets.apk/assets/bundle/gameobjs_robote_gingerbreadman_d_assets_all.bundle
330488	extracted/base_assets.apk/assets/bundle/scene_lianyouchang_05_f_scenes_all.bundle
326768	extracted/base_assets.apk/assets/bundle/functions_activityskirunner_uiprefabs_d_assets_all.bundle
325683	extracted/base_assets.apk/assets/bundle/functions_equipdraw_d_assets_all.bundle
325306	extracted/base_assets.apk/assets/bundle/weapon_thundergun_dl_assets_all.bundle
322932	extracted/base_assets.apk/assets/bundle/functions-seasonsdeveloparmor_d_assets_all.bundle
322165	extracted/base_assets.apk/assets/bundle/gameobjs_robote_yuanyuan_d_assets_all.bundle
321547	extracted/base_assets.apk/assets/bundle/prefabsn_roleai_enemy4103_f_assets_all.bundle
321185	extracted/base_assets.apk/assets/bundle/prefabsn_prop_d_assets_all.bundle
319972	extracted/base_assets.apk/assets/bundle/ui_icon_challenge1_d_assets_all.bundle
319497	extracted/base_assets.apk/assets/bundle/functions_cardcollection_effect_assets_all.bundle
318127	extracted/base_assets.apk/assets/bundle/prefabsn_ui_common_d_assets_all.bundle
315256	extracted/base_assets.apk/assets/bin/Data/c229fa0e433ea3b42a36a4975e5cecbb
313568	extracted/base_assets.apk/assets/bundle/scene_3rd_boss04_scenes_all.bundle
313204	extracted/base_assets.apk/assets/bundle/scene_3rd_boss06_scenes_all.bundle
309808	extracted/base_assets.apk/assets/bundle/spriteatlas_team_assets_all.bundle
308439	extracted/base_assets.apk/assets/bundle/functions_pvp_textures_d_assets_all.bundle
308339	extracted/base_assets.apk/assets/bundle/functions_transferzone_d_assets_all.bundle
303905	extracted/base_assets.apk/assets/bundle/prefabsn_effect_weapon_d_assets_all.bundle
303042	extracted/base_assets.apk/assets/bundle/prefabsn_roleai_nenemy3025_f_assets_all.bundle
302522	extracted/base_assets.apk/assets/bundle/functions_seasonsmainline_assets_all.bundle
302060	extracted/base_assets.apk/assets/bundle/character_hero1002_dl_assets_all.bundle
301725	extracted/base_assets.apk/assets/bundle/icons_itmeicons_wficons_d_assets_all.bundle
298471	extracted/base_assets.apk/assets/bundle/functions-seasonsdeveloptreasure_d_assets_all.bundle
298251	extracted/base_assets.apk/assets/bundle/functions_teamplay_uiprefabs_teamplaymainui_f_assets_all.bundle
298227	extracted/base_assets.apk/assets/bundle/character_hero1008_dl_assets_all.bundle
297209	extracted/base_assets.apk/assets/bundle/scene_city_03_f_scenes_all.bundle
296311	extracted/base_assets.apk/assets/bundle/ui_icon_activityrobot_motorcyclepi_d_assets_all.bundle
295700	extracted/base_assets.apk/assets/bundle/functions_defensivewarfare_d_assets_all.bundle
295567	extracted/base_assets.apk/assets/bundle/character_enemy2023_dl_assets_all.bundle
293938	extracted/base_assets.apk/assets/bundle/prefabsn_roleai_enemy3001_f_assets_all.bundle
292579	extracted/base_assets.apk/assets/bundle/weapon_pulse_dl_assets_all.bundle
292212	extracted/base_assets.apk/assets/bundle/functions-activitycommon_assets_all.bundle
291451	extracted/base_assets.apk/assets/bundle/ui_icon_purchase_d_assets_all.bundle
290554	extracted/base_assets.apk/assets/bundle/character_hero1010_dl_assets_all.bundle
289191	extracted/base_assets.apk/assets/bundle/prefabsn_roleai_enemymouse_f_assets_all.bundle
288024	extracted/base_assets.apk/assets/bundle/prefabsn_spine_d_assets_all.bundle
286811	extracted/base_assets.apk/assets/bundle/prefabsn_cyberactivity_carboss_arasakasamurai_f_assets_all.bundle
285834	extracted/base_assets.apk/assets/bundle/ui_icon_activityrobot_rabbit_d_assets_all.bundle
285669	extracted/base_assets.apk/assets/bundle/functions_chat_d_assets_all.bundle
285137	extracted/base_assets.apk/assets/bundle/prefabsn_hero_arenarolecarred_f_assets_all.bundle
284258	extracted/base_assets.apk/assets/bundle/prefabsn_hero_arenarolecarblue_f_assets_all.bundle
284240	extracted/base_assets.apk/assets/bundle/scene_city_02_f_scenes_all.bundle
283990	extracted/base_assets.apk/assets/bundle/scene_city_01_f_scenes_all.bundle
282586	extracted/base_assets.apk/assets/bundle/scene_defend_02_f_scenes_all.bundle
282519	extracted/base_assets.apk/assets/bundle/functions-discount_assets_all.bundle
282441	extracted/base_assets.apk/assets/bundle/spriteatlas_gve_gvegriddynamic_fl_assets_all.bundle
282106	extracted/base_assets.apk/assets/bundle/prefabsn_carui_d_assets_all.bundle
281537	extracted/base_assets.apk/assets/bundle/ui_icon_itemrank_d_assets_all.bundle
279127	extracted/base_assets.apk/assets/bundle/prefabsn_effect_common_d_assets_all.bundle
278296	extracted/base_assets.apk/assets/bundle/scene_xuanyapaotai_03_f_scenes_all.bundle
277619	extracted/base_assets.apk/assets/bundle/prefabsn_hero_train_f_assets_all.bundle
276652	extracted/base_assets.apk/assets/bundle/gameobjs_weapon_weapon_neoncrossbow_d_assets_all.bundle
276326	extracted/base_assets.apk/assets/bundle/weapon_stormblossom_dl_assets_all.bundle
276074	extracted/base_assets.apk/assets/bundle/prefabsn_ui_monthcard_d_assets_all.bundle
274681	extracted/base_assets.apk/assets/bundle/functions_robotskin_assets_all.bundle
274185	extracted/base_assets.apk/assets/bundle/functions_boss_d_assets_all.bundle
271291	extracted/base_assets.apk/assets/bundle/weapon_skin_metalrock_1101_dl_assets_all.bundle
269952	extracted/base_assets.apk/assets/bundle/prefabsn_ui_battlepass_d_assets_all.bundle
268984	extracted/base_assets.apk/assets/bundle/scene_huodong_01_f_scenes_all.bundle
264091	extracted/base_assets.apk/assets/bundle/functions_seasonspve_battleuiprefabs_assets_all.bundle
262428	extracted/base_assets.apk/assets/bin/Data/6cbd9982e35814141a6abb36d486273b
262339	extracted/base_assets.apk/assets/bundle/scene_lianyouchang_03_f_scenes_all.bundle
260697	extracted/base_assets.apk/assets/bundle/weapon_frostfall_dl_assets_all.bundle
259165	extracted/base_assets.apk/assets/bundle/functions_lotteryactivity_prefab_assets_all.bundle
257820	extracted/base_assets.apk/assets/bundle/ui_icon_activityrobot_hamster_d_assets_all.bundle
257679	extracted/base_assets.apk/assets/bundle/prefabsn_roleai_nenemy3055_f_assets_all.bundle
255789	extracted/base_assets.apk/assets/bundle/FileList
255349	extracted/base_assets.apk/assets/bundle/character_hero1011_dl_assets_all.bundle
254742	extracted/base_assets.apk/assets/bundle/prefabsn_roleai_enemytuzi2_f_assets_all.bundle
254369	extracted/base_assets.apk/assets/bundle/prefabsn_ui_gameconfig_d_assets_all.bundle
254350	extracted/base_assets.apk/assets/bundle/scene_city_05_f_scenes_all.bundle
254185	extracted/base_assets.apk/assets/bundle/functions-purchasegift_assets_all.bundle
253803	extracted/base_assets.apk/assets/bundle/scene-zombie_run_scenes_all.bundle
251528	extracted/base_assets.apk/assets/bundle/functions_union_gveexplore_uiprefab_uiunionexplorebattlepass_f_assets_all.bundle
250679	extracted/base_assets.apk/assets/bundle/prefabsn_roleai_enemytuzi1_f_assets_all.bundle
250613	extracted/base_assets.apk/assets/bundle/scene_3rd_boss03_scenes_all.bundle
248336	extracted/base_assets.apk/assets/bundle/scene_lianyouchang_04_f_scenes_all.bundle
246094	extracted/base_assets.apk/assets/bundle/ui_icon_mdt_d_assets_all.bundle
245801	extracted/base_assets.apk/assets/bundle/ui_icon_activityrobot_xuanfeng_d_assets_all.bundle
243997	extracted/base_assets.apk/assets/bundle/weapon_thebloodoffire_dl_assets_all.bundle
241723	extracted/base_assets.apk/assets/bundle/weapon_skin_color_1002_dl_assets_all.bundle
241558	extracted/base_assets.apk/assets/bundle/weapon_skin_demon_1201_dl_assets_all.bundle
241392	extracted/base_assets.apk/assets/bundle/character_car_yueye_dl_assets_all.bundle
238223	extracted/base_assets.apk/assets/bundle/functions_seasonstarget_assets_all.bundle
237477	extracted/base_assets.apk/assets/bundle/weapon_flamegatling_dl_assets_all.bundle
235788	extracted/base_assets.apk/assets/bundle/weapon_skin_color_1001_dl_assets_all.bundle
235044	extracted/base_assets.apk/assets/bin/Data/globalgamemanagers.assets.split1
232496	extracted/base_assets.apk/assets/bundle/prefabsn_ui_getnew_d_assets_all.bundle
230376	extracted/base_assets.apk/assets/bin/Data/7186110fe8ff30a49a9571f2bf285443
230098	extracted/base_assets.apk/assets/bundle/weapon_skin_color_1005_dl_assets_all.bundle
229708	extracted/base_assets.apk/assets/bundle/sprite_equip_dl_assets_all.bundle
229350	extracted/base_assets.apk/assets/bundle/gameobjs_weapon_pulse_d_assets_all.bundle
229103	extracted/base_assets.apk/assets/bundle/spriteatlas_weaponskin_uiweaponskinmain_fl_assets_all.bundle
228563	extracted/base_assets.apk/assets/bundle/weapon_skin_color_1003_dl_assets_all.bundle
228418	extracted/base_assets.apk/assets/bundle/functions_teamplay_uiprefabs_teamplayprivilegecardui_f_assets_all.bundle
226624	extracted/base_assets.apk/assets/bundle/functions_baselist_d_assets_all.bundle
226054	extracted/base_assets.apk/assets/bundle/functions_hero_d_assets_all.bundle
225233	extracted/base_assets.apk/assets/bundle/prefabsn_roleai_nenemy3004_f_assets_all.bundle
224599	extracted/base_assets.apk/assets/bundle/prefabsn_effect_flutter_d_assets_all.bundle
222926	extracted/base_assets.apk/assets/bundle/ui_icon_activityrobot_shred_d_assets_all.bundle
221511	extracted/base_assets.apk/assets/bundle/prefabsn_bullet_citiaobullet_d_assets_all.bundle
218986	extracted/base_assets.apk/assets/bin/Data/2b3ca0c8f8b741e48a8148d58716c2c4
218343	extracted/base_assets.apk/assets/bundle/prefabsn_roleai_enemy3005_f_assets_all.bundle
218139	extracted/base_assets.apk/assets/bundle/weapon_sniperrifle_dl_assets_all.bundle
216709	extracted/base_assets.apk/assets/bundle/ui_icon_playerappellation_d_assets_all.bundle
216001	extracted/base_assets.apk/assets/bundle/weapon_weapon_barrettshenglin_dl_assets_all.bundle
213385	extracted/base_assets.apk/assets/bundle/ui_weapon_d_assets_all.bundle
210414	extracted/base_assets.apk/assets/bundle/character_hero1001_dl_assets_all.bundle
209190	extracted/base_assets.apk/assets/bundle/prefabsn_hero_mainrole1007_f_assets_all.bundle
208844	extracted/base_assets.apk/assets/bundle/weapon_scatter_dl_assets_all.bundle
207520	extracted/base_assets.apk/assets/bundle/spriteatlas_supremearena_supremearenamainscrollui_fl_assets_all.bundle
206580	extracted/base_assets.apk/assets/bundle/gameobjs_weapon_stormblossom_d_assets_all.bundle
206511	extracted/base_assets.apk/assets/bundle/character_battlefortress_dl_assets_all.bundle
205758	extracted/base_assets.apk/assets/bundle/functions_cardcollection_prefab_assets_all.bundle
203915	extracted/base_assets.apk/assets/bundle/gameobjs_robote_tuantuan_d_assets_all.bundle
202877	extracted/base_assets.apk/assets/bundle/functions_commonquestactivity_d_assets_all.bundle
201585	extracted/base_assets.apk/assets/bundle/prefabsn_hero_mainrole1008_f_assets_all.bundle
200831	extracted/base_assets.apk/assets/bundle/weapon_skin_color_1006_dl_assets_all.bundle
199103	extracted/base_assets.apk/assets/bundle/ui_icon_fallrewards_d_assets_all.bundle
198207	extracted/base_assets.apk/assets/bundle/prefabsn_roleai_enemy3004_f_assets_all.bundle
197160	extracted/base_assets.apk/assets/bundle/prefabsn_roleai_enemyyixing_f_assets_all.bundle
196176	extracted/base_assets.apk/assets/bundle/ui_icon_activityshop_d_assets_all.bundle
193898	extracted/base_assets.apk/assets/bundle/functions_activitysynthetic_uieffects_d_assets_all.bundle
193612	extracted/base_assets.apk/assets/bundle/functions_carnivalactivity_prefabs_d_assets_all.bundle
193527	extracted/base_assets.apk/assets/bundle/weapon_mg_dl_assets_all.bundle
192795	extracted/base_assets.apk/assets/bundle/prefabsn_ui_guid_d_assets_all.bundle
192145	extracted/base_assets.apk/assets/bundle/0372459a545a6464da12acebe24ee26b_unitybuiltinshaders.bundle
191545	extracted/base_assets.apk/assets/bundle/prefabsn_roleai_enemy3002_f_assets_all.bundle
190132	extracted/base_assets.apk/assets/bundle/ui_icon_equip_d_assets_all.bundle
188116	extracted/base_assets.apk/assets/bundle/prefabsn_roleai_enemy3017_f_assets_all.bundle
187379	extracted/base_assets.apk/assets/bundle/prefabsn_roleai_enemy2031_f_assets_all.bundle
186221	extracted/base_assets.apk/assets/bundle/prefabsn_effect_ui_sj_assets_all.bundle
186153	extracted/base_assets.apk/assets/bundle/prefabsn_ui_commonfestivalactivity_d_assets_all.bundle
184536	extracted/base_assets.apk/assets/bundle/weapon_crossbow_dl_assets_all.bundle
181110	extracted/base_assets.apk/assets/bundle/prefabsn_weapon_d_assets_all.bundle
181093	extracted/base_assets.apk/assets/bundle/prefabsn_roleai_enemy3022_f_assets_all.bundle
179652	extracted/base_assets.apk/assets/bundle/prefabsn__sdj_car_maincamera1_f_assets_all.bundle
177707	extracted/base_assets.apk/assets/bundle/functions_competitivechallenge_assets_all.bundle
174678	extracted/base_assets.apk/assets/bundle/character_enemy1006_dl_assets_all.bundle
174474	extracted/base_assets.apk/assets/bundle/functions_pvp_sound_d_assets_all.bundle
173547	extracted/base_assets.apk/assets/bundle/prefabsn_hero_mainrole1002_f_assets_all.bundle
165823	extracted/base_assets.apk/assets/bundle/function_season_model_d_assets_all.bundle
165822	extracted/base_assets.apk/assets/bundle/prefabsn_ui_bosschallenge_d_assets_all.bundle
165098	extracted/base_assets.apk/assets/bundle/whitebody_hero_mainrole2001_f_assets_all.bundle
164996	extracted/base_assets.apk/assets/bundle/prefabsn_equip_d_assets_all.bundle
162779	extracted/base_assets.apk/assets/bundle/gameobjs_monster_enemyxiaoshuren_assets_all.bundle
162584	extracted/base_assets.apk/assets/bundle/weapon_shotgun_dl_assets_all.bundle
161739	extracted/base_assets.apk/assets/bundle/shader_scene_dl_assets_all.bundle
161358	extracted/base_assets.apk/assets/bundle/prefabs_roleai_enemyezi_f_assets_all.bundle
160548	extracted/base_assets.apk/assets/bin/Data/76c213ba8a53d594abea568dedeaa6d1
159996	extracted/base_assets.apk/assets/bin/Data/b67bfcfd992529a4995dc51254c59a75
158745	extracted/base_assets.apk/assets/bundle/weapon_ak47_dl_assets_all.bundle
158700	extracted/base_assets.apk/assets/bin/Data/dffef66376be4fa480fb02b19edbe903
158673	extracted/base_assets.apk/assets/bundle/prefabsn_ui_dailypackui_d_assets_all.bundle
157509	extracted/base_assets.apk/assets/bundle/functions_union_gveexplore_uiprefab_unionexplorelevelchangeui_f_assets_all.bundle
157422	extracted/base_assets.apk/assets/bundle/prefabsn_effect_buff_d_assets_all.bundle
157325	extracted/base_assets.apk/assets/bundle/spriteatlas_gve_uiunionexplorecommon_fl_assets_all.bundle
157162	extracted/base_assets.apk/assets/bundle/functions_weaponskin_uiprefab_uiweaponskinget_f_assets_all.bundle
157131	extracted/base_assets.apk/assets/bundle/functions_weaponskin_uiprefab_uiweaponskinstarupresult_f_assets_all.bundle
156318	extracted/base_assets.apk/assets/bundle/functions_seasonsteambuild_assets_all.bundle
155627	extracted/base_assets.apk/assets/bundle/functions_numverification_d_assets_all.bundle
155120	extracted/base_assets.apk/assets/bin/Data/08d19f8c50d67aa4384a7ad046d0559c
154621	extracted/base_assets.apk/assets/bundle/functions_continuouspay_d_assets_all.bundle
154257	extracted/base_assets.apk/assets/bundle/prefabsn_hero_mainrole1001_1_f_assets_all.bundle
153506	extracted/base_assets.apk/assets/bundle/prefabsn_ui_challenge_d_assets_all.bundle
153398	extracted/base_assets.apk/assets/bundle/function_season_effect_d_assets_all.bundle
153384	extracted/base_assets.apk/assets/bundle/character_enemy2017_dl_assets_all.bundle
151323	extracted/base_assets.apk/assets/bundle/ui_icon_optionalpack_d_assets_all.bundle
151262	extracted/base_assets.apk/assets/bundle/prefabsn_ui_train_d_assets_all.bundle
148670	extracted/base_assets.apk/assets/bundle/functions_jointserviceactivity_uiprefabs_serverstagecake_d_assets_all.bundle
148552	extracted/base_assets.apk/assets/bin/Data/71c623cdd2058e24caadf18c628ee3bd
148028	extracted/base_assets.apk/assets/bundle/prefabsn_ui_item_d_assets_all.bundle
146843	extracted/base_assets.apk/assets/bundle/gameobjs_monster_enemyruaniguai_assets_all.bundle
146820	extracted/base_assets.apk/assets/bundle/sprite_battlepass_dl_assets_all.bundle
145660	extracted/base_assets.apk/assets/bin/Data/81137840450e61440aed1158feb414dd
144835	extracted/base_assets.apk/assets/bundle/prefabsn_saibo_car_maincamera01_f_assets_all.bundle
144830	extracted/base_assets.apk/assets/bundle/prefabsn_gvemaincamera01_f_assets_all.bundle
144763	extracted/base_assets.apk/assets/bundle/gameobjs_uieffects_chunjie_d_assets_all.bundle
144757	extracted/base_assets.apk/assets/bundle/sprite_firstgift_dl_assets_all.bundle
144749	extracted/base_assets.apk/assets/bundle/prefabsn_hero_mainrole1003_f_assets_all.bundle
144696	extracted/base_assets.apk/assets/bundle/gameobjs-jixiesangshi-effect_d_assets_all.bundle
144158	extracted/base_assets.apk/assets/bundle/gameobjs_survivor_11_assets_all.bundle
144000	extracted/base_assets.apk/assets/bin/Data/ac154f888b585ff428bf7c07f051ff46
142775	extracted/base_assets.apk/assets/bundle/functions-quest_assets_all.bundle
142467	extracted/base_assets.apk/assets/bundle/prefabsn_christmas_d_assets_all.bundle
142349	extracted/base_assets.apk/assets/bundle/functions_union_gveexplore_uiprefab_unionexploreeventui_f_assets_all.bundle
140487	extracted/base_assets.apk/assets/bundle/ui_battle_d_assets_all.bundle
139579	extracted/base_assets.apk/assets/bundle/spriteatlas_seasonarmor_assets_all.bundle
139369	extracted/base_assets.apk/assets/bundle/enemy_yixingluan_assets_all.bundle
138880	extracted/base_assets.apk/assets/bundle/weapon_railgun_dl_assets_all.bundle
138348	extracted/base_assets.apk/assets/bundle/prefabsn_roleai_enemy2029_f_assets_all.bundle
137747	extracted/base_assets.apk/assets/bundle/ui_icon_illustratedbook_d_assets_all.bundle
137354	extracted/base_assets.apk/assets/bundle/prefabsn_roleai_enemy1410_f_assets_all.bundle
137034	extracted/base_assets.apk/assets/bundle/prefabsn_effect_backup_d_assets_all.bundle
136960	extracted/base_assets.apk/assets/bundle/gameobjs_car_car003_d_assets_all.bundle
135873	extracted/base_assets.apk/assets/bundle/prefabsn_hero_mainrole1001_f_assets_all.bundle
135813	extracted/base_assets.apk/assets/bundle/weapon_rpg_dl_assets_all.bundle
134269	extracted/base_assets.apk/assets/bundle/character_enemy1007_dl_assets_all.bundle
132418	extracted/base_assets.apk/assets/bundle/prefabsn_roleai_enemy1302_f_assets_all.bundle
132320	extracted/base_assets.apk/assets/bin/Data/5a2a63f87699ef5428b5b40368483c33
132203	extracted/base_assets.apk/assets/bundle/functions_weaponskin_uiprefab_uiweaponskinstarup_f_assets_all.bundle
131864	extracted/base_assets.apk/assets/bin/Data/3f30635704ea5524fb66fc947f58c15a
131776	extracted/base_assets.apk/assets/bin/Data/be2cc5d367eda45489252f72120e4d39
131500	extracted/base_assets.apk/assets/bin/Data/5006450eeda75474eb570014ff7b7429
130820	extracted/base_assets.apk/assets/bin/Data/1e28feb8cfec1f2488436eea95849d0d
130816	extracted/base_assets.apk/assets/bin/Data/ff32cd8f1aaeebf47ac6f975274da8d3
130737	extracted/base_assets.apk/assets/bundle/prefabsn_roleai_nenemy3007_f_assets_all.bundle
130636	extracted/base_assets.apk/assets/bin/Data/9d4feb5acb19d434d8484a0122caf93f
130636	extracted/base_assets.apk/assets/bin/Data/5a4fd75c3c7c6354d98a9d4b70f48a30
130608	extracted/base_assets.apk/assets/bin/Data/aa17d03b9c1b21943b67affcfeec98dd
130424	extracted/base_assets.apk/assets/bin/Data/a324f09447e2a084db759d96c1d1989c
130376	extracted/base_assets.apk/assets/bin/Data/852a2c23c2896d6418eacd7775b084ee
128813	extracted/base_assets.apk/assets/bundle/functions_teamplay_uiprefabs_teamplaybattlesettlement_f_assets_all.bundle
128448	extracted/base_assets.apk/assets/bundle/spriteatlas_supremearena_supremearenamainui_fl_assets_all.bundle
127915	extracted/base_assets.apk/assets/bundle/functions_teamplay_textures_d_assets_all.bundle
127665	extracted/base_assets.apk/assets/bundle/gameobjs_robote_allpetskin_uav002_ice_assets_all.bundle
127638	extracted/base_assets.apk/assets/bundle/icons-mainmenu_assets_all.bundle
126073	extracted/base_assets.apk/assets/bundle/gameobjs_survivor_10_assets_all.bundle
124608	extracted/base_assets.apk/assets/bundle/prefabsn_hero_mainrole9998_f_assets_all.bundle
124201	extracted/base_assets.apk/assets/bundle/prefabsn_hero_mainrole1007_2_ui_f_assets_all.bundle
123451	extracted/base_assets.apk/assets/bundle/functions_seasonsevent_assets_all.bundle
120867	extracted/base_assets.apk/assets/bundle/character_enemy2030_dl_assets_all.bundle
119505	extracted/base_assets.apk/assets/bundle/prefabsn_fence_d_assets_all.bundle
118624	extracted/base_assets.apk/assets/bin/Data/67f9597bd23dfa44db09d35bd9f09f94
118620	extracted/base_assets.apk/assets/bin/Data/c1825a6e1675c0747b2a261a20f7b362
118620	extracted/base_assets.apk/assets/bin/Data/130cf6f9dfe9d2747b5f0d3075a39a93
118024	extracted/base_assets.apk/assets/bundle/prefabsn_roleai_enemy1409_f_assets_all.bundle
117744	extracted/base_assets.apk/assets/bundle/gameobjs-battleprop_assets_all.bundle
116455	extracted/base_assets.apk/assets/bundle/ui_icon_drawing_d_assets_all.bundle
115218	extracted/base_assets.apk/assets/bundle/functions_union_gveexplore_uiprefab_unionexploreenergychestui_f_assets_all.bundle
114596	extracted/base_assets.apk/assets/bundle/prefabsn_roleai_enemy3007_f_assets_all.bundle
114544	extracted/base_assets.apk/assets/bin/Data/6d16c0cce29c6b540b995274ca92eb9d
114217	extracted/base_assets.apk/assets/bundle/prefabsn_roleai_enemy3019_f_assets_all.bundle
113972	extracted/base_assets.apk/assets/bundle/functions_unionbargainshop_assets_all.bundle
113372	extracted/base_assets.apk/assets/bundle/font_train_mode_mesh_text_f_assets_all.bundle
113322	extracted/base_assets.apk/assets/bundle/prefabsn_roleai_enemy1403_f_assets_all.bundle
113097	extracted/base_assets.apk/assets/bundle/spriteatlas_camp_uimoveandbutton_assets_all.bundle
112032	extracted/base_assets.apk/assets/bin/Data/3ffef4806a9e8594ab91eb0f4038386e
110789	extracted/base_assets.apk/assets/bundle/spriteatlas_gve_uiunionexploremain_fl_assets_all.bundle
110161	extracted/base_assets.apk/assets/bundle/prefabsn_roleai_fangyuta_jiqiang_f_assets_all.bundle
108768	extracted/base_assets.apk/assets/bin/Data/938c0b281adf8c848b82adab5faa2da6
108102	extracted/base_assets.apk/assets/bundle/prefabsn_roleai_enemy1405_f_assets_all.bundle
107324	extracted/base_assets.apk/assets/bin/Data/3c911ff1496bf06489e829b2cc6726af
107323	extracted/base_assets.apk/assets/bundle/prefabsn_roleai_enemy2010_f_assets_all.bundle
107029	extracted/base_assets.apk/assets/bundle/prefabsn_roleai_enemy302101_f_assets_all.bundle
106784	extracted/base_assets.apk/assets/bundle/prefabsn_roleai_fangyuta_penwu_f_assets_all.bundle
106290	extracted/base_assets.apk/assets/bundle/prefabsn_ui_moppassui_d_assets_all.bundle
106174	extracted/base_assets.apk/assets/bundle/prefabsn_roleai_enemy3036_f_assets_all.bundle
105660	extracted/base_assets.apk/assets/bundle/prefabsn_hero_airvehicle_f_assets_all.bundle
105610	extracted/base_assets.apk/assets/bundle/prefabsn_roleai_enemy4113_f_assets_all.bundle
105049	extracted/base_assets.apk/assets/bundle/prefabsn_hero_mainrole1004_f_assets_all.bundle
104291	extracted/base_assets.apk/assets/bundle/effect_mod_dl_assets_all.bundle
104098	extracted/base_assets.apk/assets/bundle/prefabsn_ui_advanturecollection_d_assets_all.bundle
103766	extracted/base_assets.apk/assets/bundle/prefabsn_ui_trial_d_assets_all.bundle
103579	extracted/base_assets.apk/assets/bundle/functions_union_gveexplore_sprite_icon_d_assets_all.bundle
101616	extracted/base_assets.apk/assets/bundle/prefabsn_roleai_enemy3009_f_assets_all.bundle
99895	extracted/base_assets.apk/assets/bundle/prefabsn_hero_mainrole1009_f_assets_all.bundle
99755	extracted/base_assets.apk/assets/bundle/functions_activityskirunner_effects_d_assets_all.bundle
99612	extracted/base_assets.apk/assets/bin/Data/899de3030c4c2624fa01713b65a3e3c7
98882	extracted/base_assets.apk/assets/bundle/functions_chingmingfestival_cf_qingmingbg2024_f_assets_all.bundle
98580	extracted/base_assets.apk/assets/bundle/functions_chat_sprites_d_assets_all.bundle
98256	extracted/base_assets.apk/assets/bundle/prefabsn_roleai_fangyuta_liudanpao_f_assets_all.bundle
98157	extracted/base_assets.apk/assets/bundle/prefabsn_roleai_enemy302103_f_assets_all.bundle
97487	extracted/base_assets.apk/assets/bundle/functions_union_gveexplore_uiprefab_unionexplorepersoncampoccupyui_f_assets_all.bundle
97466	extracted/base_assets.apk/assets/bundle/scenes_shengdan_dl_assets_all.bundle
96477	extracted/base_assets.apk/assets/bundle/prefabsn_roleai_enemy302102_f_assets_all.bundle
95295	extracted/base_assets.apk/assets/bundle/functions_common_d_assets_all.bundle
93519	extracted/base_assets.apk/assets/bundle/functions_union_gveexplore_uiprefab_unionexploreteameventui_f_assets_all.bundle
93216	extracted/base_assets.apk/assets/bin/Data/0b271f4a41023964db7e802985455f27
92402	extracted/base_assets.apk/assets/bundle/functions_camp_assets_all.bundle
92123	extracted/base_assets.apk/assets/bundle/functions_itemreplacement_d_assets_all.bundle
91485	extracted/base_assets.apk/assets/bundle/functions_loginrefuse_d_assets_all.bundle
91383	extracted/base_assets.apk/assets/bundle/functions_weaponskin_uiprefab_uiweaponskin_f_assets_all.bundle
89884	extracted/base_assets.apk/assets/bundle/scenes_chunjie_dl_assets_all.bundle
89440	extracted/base_assets.apk/assets/bundle/functions_union_gveexplore_uiprefab_unionexploreteamchestui_f_assets_all.bundle
88873	extracted/base_assets.apk/assets/bundle/weapon_ak47_white_dl_assets_all.bundle
87742	extracted/base_assets.apk/assets/bundle/prefabsn_ui_accumulaterechargeactivity_d_assets_all.bundle
87566	extracted/base_assets.apk/assets/bundle/prefabsn_ui_signin_d_assets_all.bundle
87548	extracted/base_assets.apk/assets/bin/Data/c8634fed4eb439b49816421ac4ad3121
86447	extracted/base_assets.apk/assets/bundle/prefabsn_ui_recommendui_d_assets_all.bundle
86113	extracted/base_assets.apk/assets/bundle/functions_robotdraw_mainshowrobot_maolong_f_assets_all.bundle
84628	extracted/base_assets.apk/assets/bundle/prefabsn_roleai_enemycaidan_f_assets_all.bundle
84242	extracted/base_assets.apk/assets/bundle/gameobjs_uieffects_playerappellation_assets_all.bundle
84191	extracted/base_assets.apk/assets/bundle/ui_icon_selectserver_d_assets_all.bundle
83545	extracted/base_assets.apk/assets/bundle/functions_weaponskin_3dui_skin_metalrock_1101_ui_f_assets_all.bundle
82920	extracted/base_assets.apk/assets/bundle/functions_robotdraw_mainshowlogo_guifeng_f_assets_all.bundle
82534	extracted/base_assets.apk/assets/bundle/whitebody_roleai_enemy1022_f_assets_all.bundle
82473	extracted/base_assets.apk/assets/bundle/whitebody_roleai_enemy10221_f_assets_all.bundle
82068	extracted/base_assets.apk/assets/bundle/functions_union_gveexplore_uiprefab_unionexplorebattlearrayui_f_assets_all.bundle
81318	extracted/base_assets.apk/assets/bundle/effect_compasscore_assets_all.bundle
81172	extracted/base_assets.apk/assets/bundle/functions_robotdraw_mainshowrobot_guifeng_f_assets_all.bundle
80988	extracted/base_assets.apk/assets/bundle/gameobjs_robote_wingsofsalvation_d_assets_all.bundle
80501	extracted/base_assets.apk/assets/bundle/shader_hero_dl_assets_all.bundle
80309	extracted/base_assets.apk/assets/bundle/prefabsn_roleai_enemy2005_f_assets_all.bundle
79812	extracted/base_assets.apk/assets/bin/Data/d14424b10334f5949921e7b88320f42c
79799	extracted/base_assets.apk/assets/bundle/prefabsn_roleai_enemy3018_f_assets_all.bundle
79687	extracted/base_assets.apk/assets/bundle/functions_weaponskin_3d_skin_metalrock_1101_f_assets_all.bundle
78472	extracted/base_assets.apk/assets/bundle/functions_weaponskin_3dui_skin_diamond_0502_ui_f_assets_all.bundle
77884	extracted/base_assets.apk/assets/bin/Data/fdc0b9487a3b78e41bc06536e680645a
77424	extracted/base_assets.apk/assets/bin/Data/22dd85ebf064a4f4c8d177f77cf664ec
77241	extracted/base_assets.apk/assets/bundle/functions_weaponskin_uiprefab_uiitemconvert_f_assets_all.bundle
76911	extracted/base_assets.apk/assets/bundle/functions_weaponskin_3d_skin_diamond_0502_f_assets_all.bundle
75865	extracted/base_assets.apk/assets/bundle/spriteatlas_camp_campmain_assets_all.bundle
74600	extracted/base_assets.apk/assets/bundle/whitebody_roleai_enemy10201_f_assets_all.bundle
74536	extracted/base_assets.apk/assets/bundle/whitebody_roleai_enemy1020_f_assets_all.bundle
74381	extracted/base_assets.apk/assets/bundle/prefabsn_effect_zudui_d_assets_all.bundle
74062	extracted/base_assets.apk/assets/bundle/character_enemy2008_dl_assets_all.bundle
73645	extracted/base_assets.apk/assets/bundle/whitebody_roleai_enemy10211_f_assets_all.bundle
73607	extracted/base_assets.apk/assets/bundle/whitebody_roleai_enemy1021_f_assets_all.bundle
72446	extracted/base_assets.apk/assets/bundle/functions_vipserver_title_f_assets_all.bundle
72273	extracted/base_assets.apk/assets/bundle/prefabsn_roleai_enemy1401_f_assets_all.bundle
72248	extracted/base_assets.apk/assets/bin/Data/c5e7ef71308cb1940bdeb72313b62241
72124	extracted/base_assets.apk/assets/bundle/functions_union_gveexplore_grid_personcampsnow_f_assets_all.bundle
71482	extracted/base_assets.apk/assets/bundle/character_uav002_dl_assets_all.bundle
71312	extracted/base_assets.apk/assets/bundle/functions_robotdraw_shopbg_maolong_f_assets_all.bundle
71311	extracted/base_assets.apk/assets/bundle/functions_union_gveexplore_grid_personcamp_f_assets_all.bundle
71095	extracted/base_assets.apk/assets/bundle/functions_robotdraw_shopbg_guifeng_f_assets_all.bundle
70666	extracted/base_assets.apk/assets/bundle/functions_union_gveexplore_uiprefab_unionexploremonsterdetailui_f_assets_all.bundle
70293	extracted/base_assets.apk/assets/bundle/gameobjs_robote_phenix_d_assets_all.bundle
69856	extracted/base_assets.apk/assets/bundle/functions_teamplay_uiprefabs_teamplayachievementui_f_assets_all.bundle
69741	extracted/base_assets.apk/assets/bundle/ui_icon_pata_d_assets_all.bundle
69305	extracted/base_assets.apk/assets/bundle/functions_union_gveexplore_grid_birthpoint_f_assets_all.bundle
69261	extracted/base_assets.apk/assets/bundle/prefabsn_effect_itemfly_d_assets_all.bundle
69055	extracted/base_assets.apk/assets/bundle/functions_union_gveexplore_uiprefab_uiunionexploremain_f_assets_all.bundle
68944	extracted/base_assets.apk/assets/bundle/functions_selectcharge_assets_all.bundle
68894	extracted/base_assets.apk/assets/bundle/prefabsn_ui_dailyquestsui_d_assets_all.bundle
68568	extracted/base_assets.apk/assets/bin/Data/132390f8122721f4a898fb7d32acdb89
68507	extracted/base_assets.apk/assets/bundle/whitebody_roleai_enemy10231_f_assets_all.bundle
68405	extracted/base_assets.apk/assets/bundle/whitebody_roleai_enemy1023_f_assets_all.bundle
68282	extracted/base_assets.apk/assets/bundle/functions_weaponskin_3dui_skin_demon_1201_ui_f_assets_all.bundle
68100	extracted/base_assets.apk/assets/ad-viewer/omid-session-client-v1.js
67019	extracted/base_assets.apk/assets/bundle/functions_union_gveexplore_uiprefab_unionexploregvebattlewinui_f_assets_all.bundle
66452	extracted/base_assets.apk/assets/bundle/scene_shapan_scenes_all.bundle
66307	extracted/base_assets.apk/assets/bundle/functions-first_assets_all.bundle
66092	extracted/base_assets.apk/assets/bin/Data/84eb032854c11f246a78a428f2bd3bd1
65816	extracted/base_assets.apk/assets/bin/Data/928342f5ba69faa41a4ca62e8a38f421
65812	extracted/base_assets.apk/assets/bin/Data/b2a7baa246517df4a892d53dafc2ebbf
65812	extracted/base_assets.apk/assets/bin/Data/a7e22a0ac14164648bc11dbaf3c83362
65808	extracted/base_assets.apk/assets/bin/Data/1dd3d920d9873a64abdd06fccad8eca6
65634	extracted/base_assets.apk/assets/bundle/functions_union_gveexplore_sprite_car_d_assets_all.bundle
65445	extracted/base_assets.apk/assets/bundle/functions_union_gveexplore_uiprefab_unionexploregvebattleloseui_f_assets_all.bundle
65389	extracted/base_assets.apk/assets/bundle/functions_seasonsrank_assets_all.bundle
64776	extracted/base_assets.apk/assets/bundle/gameobjs_robote_reindeer_d_assets_all.bundle
64322	extracted/base_assets.apk/assets/bundle/sprite_fight_dl_assets_all.bundle
63552	extracted/base_assets.apk/assets/bundle/functions-seasonsdeveloparmor_uieffects_d_assets_all.bundle
62965	extracted/base_assets.apk/assets/bundle/character_enemy3001_dl_assets_all.bundle
62848	extracted/base_assets.apk/assets/bundle/prefabsn_ui_getenergyui_d_assets_all.bundle
62666	extracted/base_assets.apk/assets/bundle/character_aircraft_dl_assets_all.bundle
62428	extracted/base_assets.apk/assets/bundle/gameobjs_robote_magiccrystal_d_assets_all.bundle
61816	extracted/base_assets.apk/assets/bin/Data/b4b571f400b71ae47b6f37c896d08e52
61672	extracted/base_assets.apk/assets/bundle/gameobjs_robote_robot_d_assets_all.bundle
61446	extracted/base_assets.apk/assets/bundle/gameobjs_robote_zaiezhifeng_d_assets_all.bundle
60619	extracted/base_assets.apk/assets/bundle/spriteatlas_weaponskin_uiweaponskininfo_fl_assets_all.bundle
60618	extracted/base_assets.apk/assets/bundle/functions_robotdraw_mainshowlogo_maolong_f_assets_all.bundle
60424	extracted/base_assets.apk/assets/bin/Data/d0541d26438495743b5ae03a912f5b97
60219	extracted/base_assets.apk/assets/bundle/character_robot_dl_assets_all.bundle
59782	extracted/base_assets.apk/assets/bundle/prefabsn_ui_pigbank_d_assets_all.bundle
59739	extracted/base_assets.apk/assets/bundle/gameobjs_robote_destroy_d_assets_all.bundle
59317	extracted/base_assets.apk/assets/bundle/functions_multidraw_uiprefabs_d_assets_all.bundle
58971	extracted/base_assets.apk/assets/bundle/character_hero9002_dl_assets_all.bundle
58888	extracted/base_assets.apk/assets/bin/Data/fae49123c33e97347bf1c039bbfe8747
58759	extracted/base_assets.apk/assets/bundle/gameobjs_robote_dragon_d_assets_all.bundle
58625	extracted/base_assets.apk/assets/bundle/sprite_fightbuff_dl_assets_all.bundle
58318	extracted/base_assets.apk/assets/bin/Data/50caae0d38644a5438584198162bb543
58258	extracted/base_assets.apk/assets/bin/Data/404e58a35a688b946b49d3e3c8dbe5f2
57074	extracted/base_assets.apk/assets/bundle/shader_effect_dl_assets_all.bundle
56832	extracted/base_assets.apk/assets/bundle/LJDD.bytes
56675	extracted/base_assets.apk/assets/bundle/functions_pongball_unit_d_assets_all.bundle
56161	extracted/base_assets.apk/assets/bundle/prefabsn_effect_arena_d_assets_all.bundle
55454	extracted/base_assets.apk/assets/bundle/gameobjs_robote_wugui_d_assets_all.bundle
55443	extracted/base_assets.apk/assets/bundle/gameobjs_robote_uav002_d_assets_all.bundle
54903	extracted/base_assets.apk/assets/bundle/weapon_gatling_dl_assets_all.bundle
54713	extracted/base_assets.apk/assets/bundle/gameobjs_robote_dog_d_assets_all.bundle
54124	extracted/base_assets.apk/assets/bundle/prefabsn_cyberactivity_cyberbox_1_f_assets_all.bundle
54012	extracted/base_assets.apk/assets/bundle/gameobjs_robote_qie_d_assets_all.bundle
53968	extracted/base_assets.apk/assets/bundle/character_hero0001_dl_assets_all.bundle
53938	extracted/base_assets.apk/assets/bundle/gameobjs_uieffects_qingrenjie_d_assets_all.bundle
53542	extracted/base_assets.apk/assets/bundle/prefabsn_cyberactivity_cyberbox_2_f_assets_all.bundle
53467	extracted/base_assets.apk/assets/bundle/prefabsn_cyberactivity_cyberbox_3_f_assets_all.bundle
53417	extracted/base_assets.apk/assets/bundle/functions_loading_d_assets_all.bundle
51951	extracted/base_assets.apk/assets/bundle/character_toonsoldiers_militias_dl_assets_all.bundle
51689	extracted/base_assets.apk/assets/bundle/functions_friends_d_assets_all.bundle
51630	extracted/base_assets.apk/assets/bundle/whitebody_mapdata_bg_whiteman_f_assets_all.bundle
50978	extracted/base_assets.apk/assets/bundle/functions_jointserviceactivity_uiprefabs_mergeserveractivitypopui_f_assets_all.bundle
50742	extracted/base_assets.apk/assets/bundle/ui_icon_passgift_d_assets_all.bundle
50482	extracted/base_assets.apk/assets/bundle/gameobjs_uieffects_saibomicheng_d_assets_all.bundle
50213	extracted/base_assets.apk/assets/bundle/ui_icon_moppassui_d_assets_all.bundle
50159	extracted/base_assets.apk/assets/bundle/prefabsn_ui_adnode_d_assets_all.bundle
49686	extracted/base_assets.apk/assets/bundle/gameobjs_robote_youminglingmao_d_assets_all.bundle
49674	extracted/base_assets.apk/assets/bundle/gameobjs_uieffects_choujiang_baoxiang_d_assets_all.bundle
49047	extracted/base_assets.apk/assets/bundle/functions_union_gveexplore_grid_lab_f_assets_all.bundle
48976	extracted/base_assets.apk/assets/bundle/functions_weaponskin_3dui_skin_bio_2001_ui_f_assets_all.bundle
48963	extracted/base_assets.apk/assets/bundle/font_en_f_assets_all.bundle
48937	extracted/base_assets.apk/assets/bundle/gameobjs_robote_beetle_d_assets_all.bundle
48748	extracted/base_assets.apk/assets/bundle/functions_union_gveexplore_uiprefab_uiunionexploregetenergy_f_assets_all.bundle
48716	extracted/base_assets.apk/assets/bundle/prefabsn_ui_commongetitemui_d_assets_all.bundle
48321	extracted/base_assets.apk/assets/bundle/gameobjs_uieffects_queqiao_d_assets_all.bundle
48134	extracted/base_assets.apk/assets/bin/Data/2a360246f4aef0c47aa459151cea8b57
47945	extracted/base_assets.apk/assets/bundle/gameobjs_robote_uav_d_assets_all.bundle
47371	extracted/base_assets.apk/assets/bundle/functions_union_gveexplore_uiprefab_uiunionexploreattrdetail_f_assets_all.bundle
47002	extracted/base_assets.apk/assets/bundle/functions_union_gveexplore_grid_teamchest_f_assets_all.bundle
46580	extracted/base_assets.apk/assets/bin/Data/0000000000000000f000000000000000
46332	extracted/base_assets.apk/assets/bundle/functions_chingmingfestival_diaoluohuodong_accheng_f_assets_all.bundle
46249	extracted/base_assets.apk/assets/bundle/functions_chingmingfestival_diaoluohuodong_zyzi_f_assets_all.bundle
45801	extracted/base_assets.apk/assets/bundle/functions_jointserviceactivity_3d_diaoluohuodong_itme_f_assets_all_edc1252134aa34db4453b35004466186.bundle
45621	extracted/base_assets.apk/assets/bundle/functions_weaponskin_3dui_skin_diamond_1301_ui_f_assets_all.bundle
44706	extracted/base_assets.apk/assets/bundle/functions_permanentrank_uiprefabs_permanentmainrankui_f_assets_all.bundle
44441	extracted/base_assets.apk/assets/bundle/prefabsn_hero_mainrole9999_f_assets_all.bundle
44212	extracted/base_assets.apk/assets/bundle/character_hero1005_dl_assets_all.bundle
44070	extracted/base_assets.apk/assets/bundle/character_cursehand_dl_assets_all.bundle
43991	extracted/base_assets.apk/assets/bundle/functions_union_gveexplore_effects_shiyanshi_yanfahou_f_assets_all.bundle
43952	extracted/base_assets.apk/assets/bundle/prefabsn_bullet_enemybullet_d_assets_all.bundle
43924	extracted/base_assets.apk/assets/ad-viewer/omsdk-v1.js
43844	extracted/base_assets.apk/assets/bin/Data/8366948d4a8ab054883dea8d42e9f7f1
43710	extracted/base_assets.apk/assets/bundle/gameobjs_uieffects_wanshengjie_d_assets_all.bundle
43584	extracted/base_assets.apk/assets/bundle/gameobjs_uieffects_fuhuojie_d_assets_all.bundle
43549	extracted/base_assets.apk/assets/bundle/functions_union_gveexplore_grid_teamcampsnow_f_assets_all.bundle
43501	extracted/base_assets.apk/assets/bundle/functions_union_gveexplore_grid_teamcamp_f_assets_all.bundle
43338	extracted/base_assets.apk/assets/bundle/prefabsn_ui_itemdescui_d_assets_all.bundle
42101	extracted/base_assets.apk/assets/bundle/gameobjs_robote_knapsack_d_assets_all.bundle
41405	extracted/base_assets.apk/assets/bundle/gameobjs_uieffects_qingmingjie_d_assets_all.bundle
41067	extracted/base_assets.apk/assets/bundle/character_uav_dl_assets_all.bundle
41021	extracted/base_assets.apk/assets/bundle/functions_weaponskin_3d_skin_diamond_1301_f_assets_all.bundle
40970	extracted/base_assets.apk/assets/bundle/functions_weapon_d_assets_all.bundle
40862	extracted/base_assets.apk/assets/bundle/gameobjs_uieffects_aoyun_d_assets_all.bundle
40733	extracted/base_assets.apk/assets/bundle/functions_weaponskin_3d_skin_rosehuter_1302_f_assets_all.bundle
40312	extracted/base_assets.apk/assets/bin/Data/4c864a8202ed9ed479a7feabe8dee7fc
40253	extracted/base_assets.apk/assets/bundle/functions_weaponskin_3dui_skin_rosehuter_1302_ui_f_assets_all.bundle
40014	extracted/base_assets.apk/assets/bundle/ui_icon_coreskill_d_assets_all.bundle
39544	extracted/base_assets.apk/assets/bundle/functions_weaponskin_3d_skin_diamond_0402_f_assets_all.bundle
39513	extracted/base_assets.apk/assets/bundle/scene-backlab_01_scenes_all.bundle
39131	extracted/base_assets.apk/assets/bundle/gameobjs_uieffects_duobao_d_assets_all.bundle
39042	extracted/base_assets.apk/assets/bundle/prefabsn_ui_mail_d_assets_all.bundle
39029	extracted/base_assets.apk/assets/bundle/functions_weaponskin_3d_skin_diamond_0302_f_assets_all.bundle
38966	extracted/base_assets.apk/assets/bundle/prefabsn_hero_mainrole10041_f_assets_all.bundle
38950	extracted/base_assets.apk/assets/bundle/functions_weaponskin_3dui_skin_diamond_0402_ui_f_assets_all.bundle
38887	extracted/base_assets.apk/assets/bundle/functions_weaponskin_3d_skin_diamond_0701_f_assets_all.bundle
38673	extracted/base_assets.apk/assets/bundle/gameobjs_uieffects_duanwujie_d_assets_all.bundle
38672	extracted/base_assets.apk/assets/bundle/functions_weaponskin_3dui_skin_diamond_0302_ui_f_assets_all.bundle
38661	extracted/base_assets.apk/assets/bundle/functions_weaponskin_3d_skin_diamond_0601_f_assets_all.bundle
38656	extracted/base_assets.apk/assets/bundle/functions_weaponskin_3dui_skin_diamond_0601_ui_f_assets_all.bundle
38631	extracted/base_assets.apk/assets/bundle/functions_weaponskin_3dui_skin_diamond_0701_ui_f_assets_all.bundle
38545	extracted/base_assets.apk/assets/bundle/functions_weaponskin_sprite_skinbg_5_f_assets_all.bundle
38321	extracted/base_assets.apk/assets/bundle/prefabsn_cyberactivity_cyber_bullet3_f_assets_all.bundle
38044	extracted/base_assets.apk/assets/bin/Data/d140570e3dc8c6f4a8e78dceb668bbbe
37625	extracted/base_assets.apk/assets/bundle/gameobjs_uieffects_laodongjie_d_assets_all.bundle
37505	extracted/base_assets.apk/assets/bundle/gameobjs_campskins_assets_all.bundle
37416	extracted/base_assets.apk/assets/bundle/functions_weaponskin_sprite_skinbg_6_f_assets_all.bundle
37282	extracted/base_assets.apk/assets/iads/mobileController.html
37196	extracted/base_assets.apk/assets/bin/Data/fb4dd8b6d5569354bbec523841a9abc1
36748	extracted/base_assets.apk/assets/bin/Data/b875fb714d55f7244a4f8b15d27c27f1
36539	extracted/base_assets.apk/assets/bundle/functions_union_gveexplore_effects_gerenyingdi_shuaxin_f_assets_all.bundle
36443	extracted/base_assets.apk/assets/bundle/functions_union_gveexplore_effects_tuanduiyingdi_zhanling_f_assets_all.bundle
36403	extracted/base_assets.apk/assets/bundle/functions_union_gveexplore_effects_shiyanshi_yanfachenggong_f_assets_all.bundle
36158	extracted/base_assets.apk/assets/bundle/scene-reload_scenes_all.bundle
36131	extracted/base_assets.apk/assets/bundle/shader_ui_dl_assets_all.bundle
35996	extracted/base_assets.apk/assets/bundle/font_th_f_assets_all.bundle
35861	extracted/base_assets.apk/assets/bundle/functions_weaponskin_sprite_skinbg_4_f_assets_all.bundle
35331	extracted/base_assets.apk/assets/bundle/scenes_defend_dl_assets_all.bundle
35230	extracted/base_assets.apk/assets/bin/Data/dda09f4a867498f4b970aeac19bbeed7
35230	extracted/base_assets.apk/assets/bin/Data/52de584ec9f0446449736563198f2c86
35078	extracted/base_assets.apk/assets/bundle/prefabsn_cyberactivity_cyber_bullet2_f_assets_all.bundle
34827	extracted/base_assets.apk/assets/bundle/scenes_shiyanshi_01_dl_assets_all.bundle
34812	extracted/base_assets.apk/assets/bundle/whitebody_weapon_whiteman_bullet_f_assets_all.bundle
34635	extracted/base_assets.apk/assets/bundle/prefabsn_cyberactivity_cyber_bullet1_f_assets_all.bundle
34520	extracted/base_assets.apk/assets/bin/Data/c450650dc8bb4aa4e90f40dec82362b5
34467	extracted/base_assets.apk/assets/bundle/functions_weaponskin_uiprefab_uiweaponskinproperty_f_assets_all.bundle
34428	extracted/base_assets.apk/assets/bin/Data/aa41eebd52835244fa881d99169f4292
34119	extracted/base_assets.apk/assets/bundle/functions_car_effects_d_assets_all.bundle
34025	extracted/base_assets.apk/assets/bundle/spriteatlas_weaponskin_uiweaponskinstarup_fl_assets_all.bundle
33609	extracted/base_assets.apk/assets/bundle/gameobjs_uieffects_baleite_d_assets_all.bundle
33048	extracted/base_assets.apk/assets/bundle/functions_union_gveexplore_effects_tuanduiyingdi_siwang_f_assets_all.bundle
33046	extracted/base_assets.apk/assets/bundle/functions_union_gveexplore_effects_tuanduiyingdi_zhandou_f_assets_all.bundle
33027	extracted/base_assets.apk/assets/bundle/functions_union_gveexplore_effects_gerenyingdi_zhandou_f_assets_all.bundle
32936	extracted/base_assets.apk/assets/bundle/functions_union_gveexplore_effects_gerenyingdi_siwang_f_assets_all.bundle
32870	extracted/base_assets.apk/assets/bundle/functions_union_gveexplore_effects_tuanduiyingdi_weixian_f_assets_all.bundle
32817	extracted/base_assets.apk/assets/bundle/functions_union_gveexplore_effects_shiyanshi_yanfazhong_f_assets_all.bundle
32742	extracted/base_assets.apk/assets/bundle/prefabsn_bornnode_f_assets_all.bundle
32545	extracted/base_assets.apk/assets/bundle/prefabsn_roleai_enemy1413_f_assets_all.bundle
32493	extracted/base_assets.apk/assets/bundle/prefabsn_roleai_enemy_iceegg_assets_all.bundle
32035	extracted/base_assets.apk/assets/bundle/functions_union_gveexplore_effects_marchtargeteffect_f_assets_all.bundle
31714	extracted/base_assets.apk/assets/bundle/prefabsn_roleai_enemy2030_f_assets_all.bundle
31681	extracted/base_assets.apk/assets/bundle/prefabsn_roleai_enemy1411_f_assets_all.bundle
31673	extracted/base_assets.apk/assets/bundle/functions_union_gveexplore_grid_role_f_assets_all.bundle
31590	extracted/base_assets.apk/assets/bundle/functions_union_gveexplore_grid_personchest_f_assets_all.bundle
31587	extracted/base_assets.apk/assets/bundle/functions_union_gveexplore_grid_personchest_zhong_f_assets_all.bundle
31511	extracted/base_assets.apk/assets/bundle/ui_icon_btns_d_assets_all.bundle
31435	extracted/base_assets.apk/assets/bundle/gameobjs_uieffects_zhujiemian_d_assets_all.bundle
31090	extracted/base_assets.apk/assets/bundle/functions_union_gveexplore_grid_personchest_gao_f_assets_all.bundle
31051	extracted/base_assets.apk/assets/bundle/prefabsn_ui_fallrewardsui_d_assets_all.bundle
30750	extracted/base_assets.apk/assets/bundle/ui_icon_gve_d_assets_all.bundle
30354	extracted/base_assets.apk/assets/bundle/prefabsn_hero_mainrolecar_f_assets_all.bundle
30107	extracted/base_assets.apk/assets/bundle/functions_weaponskin_3d_skin_bio_2001_f_assets_all.bundle
30050	extracted/base_assets.apk/assets/bundle/gameobjs_uieffects_common_uieffect_canrewardtip_f_assets_all.bundle
30024	extracted/base_assets.apk/assets/bin/Data/655bad556d90b6b42bd078b047f65b01
29969	extracted/base_assets.apk/assets/bundle/functions_weaponskin_3d_skin_demon_1201_f_assets_all.bundle
29941	extracted/base_assets.apk/assets/bundle/prefabsn_ui_bag_d_assets_all.bundle
29872	extracted/base_assets.apk/assets/bundle/functions_union_gveexplore_effects_car_yanchen_f_assets_all.bundle
29755	extracted/base_assets.apk/assets/bundle/sprite_campsite_dl_assets_all.bundle
29741	extracted/base_assets.apk/assets/bundle/gameobjs_uieffects_yuanxiaojie_d_assets_all.bundle
29547	extracted/base_assets.apk/assets/bundle/gameobjs_uieffects_poshuijie_assets_all.bundle
29515	extracted/base_assets.apk/assets/bundle/functions_union_gveexplore_effects_shiyanshi_yanfaqian_f_assets_all.bundle
29025	extracted/base_assets.apk/assets/bundle/weapon_bubble_dl_assets_all.bundle
28863	extracted/base_assets.apk/assets/bundle/character_enemy3002_dl_assets_all.bundle
28684	extracted/base_assets.apk/assets/bundle/prefabsn_ui_datatips_d_assets_all.bundle
28489	extracted/base_assets.apk/assets/bundle/functions_generalrank_uiprefabs_generalrankui_f_assets_all.bundle
27997	extracted/base_assets.apk/assets/bundle/ui_adversion_d_assets_all.bundle
27832	extracted/base_assets.apk/assets/bundle/functions_union_gveexplore_uiprefab_uiunionexploremrrule_f_assets_all.bundle
27674	extracted/base_assets.apk/assets/bundle/sprite_battlepasscycle_dl_assets_all.bundle
27588	extracted/base_assets.apk/assets/bundle/functions_permanentrank_uiprefabs_permanentfirstrewardcomui_f_assets_all.bundle
27588	extracted/base_assets.apk/assets/bin/Data/6e669898eb9adbe468543cb6765ae900
27282	extracted/base_assets.apk/assets/bundle/whitebody_mapdata_bg_background_f_assets_all.bundle
27095	extracted/base_assets.apk/assets/bundle/functions_jointserviceactivity_uiprefabs_mergeserveractivitybaseui_f_assets_all.bundle
26990	extracted/base_assets.apk/assets/bundle/functions_union_gveexplore_uiprefab_unionexplorerankui_f_assets_all.bundle
26837	extracted/base_assets.apk/assets/bundle/functions_union_gveexplore_uiprefab_unionexploregvebattleui_f_assets_all.bundle
26829	extracted/base_assets.apk/assets/bundle/functions_teamplay_uiprefabs_teaminvitationtipui_f_assets_all.bundle
26617	extracted/base_assets.apk/assets/bundle/prefabsn_ui_hero_polishautoui_f_assets_all.bundle
26395	extracted/base_assets.apk/assets/bundle/functions_union_gveexplore_uiprefab_unionexplorecontributeui_f_assets_all.bundle
26351	extracted/base_assets.apk/assets/bundle/shader_gpuskine_dl_assets_all.bundle
25993	extracted/base_assets.apk/assets/bundle/prefabsn_ui_passrewardsui_d_assets_all.bundle
25777	extracted/base_assets.apk/assets/bundle/ui_icon_polish_d_assets_all.bundle
25572	extracted/base_assets.apk/assets/bin/Data/9bbf1421e27d9b746ad730eb616c479d
25224	extracted/base_assets.apk/assets/mbridge_download_dialog_view.xml
25164	extracted/base_assets.apk/assets/bundle/prefabsn_roleai_enemy3003_f_assets_all.bundle
24963	extracted/base_assets.apk/assets/bundle/functions_union_gveexplore_uiprefab_uiunionexplorequest_f_assets_all.bundle
24649	extracted/base_assets.apk/assets/bundle/functions_robotdraw_shop_tabmaolong_f_assets_all.bundle
24555	extracted/base_assets.apk/assets/bundle/functions_teamplay_uiprefabs_teaminvitationui_f_assets_all.bundle
24553	extracted/base_assets.apk/assets/bundle/functions_robotdraw_shop_tabguifeng_f_assets_all.bundle
23724	extracted/base_assets.apk/assets/bundle/font_en_c_f_assets_all.bundle
23131	extracted/base_assets.apk/assets/bundle/sprite_weapon_dl_assets_all.bundle
22578	extracted/base_assets.apk/assets/bundle/triggerthinkinggiftui_assets_all.bundle
22444	extracted/base_assets.apk/assets/bin/Data/4237d7dd4556f26499f2310676a190fe
22373	extracted/base_assets.apk/assets/iads/index.css
22176	extracted/base_assets.apk/assets/bin/Data/6c94bd5510bb35b4da1b70f7b57b0495
21840	extracted/base_assets.apk/assets/bundle/sprite_bg1_dl_assets_all.bundle
20329	extracted/base_assets.apk/assets/bundle/functions_union_gveexplore_uiprefab_unionexploremarchui_f_assets_all.bundle
20284	extracted/base_assets.apk/assets/bundle/character_enemy2006_dl_assets_all.bundle
20188	extracted/base_assets.apk/assets/bin/Data/807177e4402e1794c9ad2a0e0dddd3ea
20188	extracted/base_assets.apk/assets/bin/Data/4fc8928a5c3d18f4690de068a7eaec9c
19796	extracted/base_assets.apk/assets/bundle/character_enemy10012_dl_assets_all.bundle
19765	extracted/base_assets.apk/assets/bundle/character_enemy10014_dl_assets_all.bundle
19738	extracted/base_assets.apk/assets/bundle/character_enemy1008_dl_assets_all.bundle
19655	extracted/base_assets.apk/assets/bundle/character_enemy10013_dl_assets_all.bundle
19619	extracted/base_assets.apk/assets/bundle/functions_union_gveexplore_sprite_uiquest_d_assets_all.bundle
19618	extracted/base_assets.apk/assets/bundle/character_enemy10015_dl_assets_all.bundle
19599	extracted/base_assets.apk/assets/bundle/character_enemy1014_dl_assets_all.bundle
19322	extracted/base_assets.apk/assets/bundle/prefabsn_bullet_herobullet_d_assets_all.bundle
19263	extracted/base_assets.apk/assets/bundle/shader_flowlightxy_fl_assets_all.bundle
19233	extracted/base_assets.apk/assets/bundle/character_enemy1010_dl_assets_all.bundle
19139	extracted/base_assets.apk/assets/bundle/character_enemy1013_dl_assets_all.bundle
19116	extracted/base_assets.apk/assets/bundle/sprite_pet_dl_assets_all.bundle
19067	extracted/base_assets.apk/assets/bundle/character_enemy1009_dl_assets_all.bundle
18979	extracted/base_assets.apk/assets/bundle/character_enemy1011_dl_assets_all.bundle
18710	extracted/base_assets.apk/assets/bundle/functions_weaponskin_uiprefab_uiweaponskindetail_f_assets_all.bundle
18394	extracted/base_assets.apk/assets/bundle/shader_builtin_dl_assets_all.bundle
18104	extracted/base_assets.apk/assets/bundle/functions_weaponskin_3dui_skin_gold_0801_ui_f_assets_all.bundle
17916	extracted/base_assets.apk/assets/bin/Data/3c24089230cad494cbc7a3bd4cedbd59
17420	extracted/base_assets.apk/assets/bundle/functions_commontop_uiprefabs_uicommontop_d_assets_all.bundle
17004	extracted/base_assets.apk/assets/bundle/functions_jointserviceactivity_uiprefabs_activitywishui_f_assets_all.bundle
16726	extracted/base_assets.apk/assets/bundle/functions_weaponskin_3dui_skin_gold_0201_ui_f_assets_all.bundle
16660	extracted/base_assets.apk/assets/bin/Data/4e47fa4ce6724604990638775d0ec57e
16660	extracted/base_assets.apk/assets/bin/Data/27c95a91c045a4b4796fa0e857968cd5
16656	extracted/base_assets.apk/assets/bin/Data/edf0d94fcb13fe3428a16f2630799d7f
16656	extracted/base_assets.apk/assets/bin/Data/767ba17234dee814f913a2136509b658
16656	extracted/base_assets.apk/assets/bin/Data/5e6ea568876104c4e98c38b65b4b61f7
16656	extracted/base_assets.apk/assets/bin/Data/42c7426bcd444824989710fa57043326
16652	extracted/base_assets.apk/assets/bin/Data/85a19236d0bd56548a9fe6e8bd47b20c
16652	extracted/base_assets.apk/assets/bin/Data/6cd723898786192429ac99ecf12fe0e1
16613	extracted/base_assets.apk/assets/bundle/functions_teamplay_uiprefabs_teamplayquicksettlement_f_assets_all.bundle
15823	extracted/base_assets.apk/assets/bundle/gameobjs_survivor_16_assets_all.bundle
15815	extracted/base_assets.apk/assets/bundle/prefabsn_confirmbindingui_assets_all.bundle
15750	extracted/base_assets.apk/assets/bundle/functions_generalrank_uiprefabs_generalrankrewardsui_f_assets_all.bundle
15716	extracted/base_assets.apk/assets/bundle/gameobjs_survivor_17_assets_all.bundle
15711	extracted/base_assets.apk/assets/bundle/gameobjs_survivor_19_assets_all.bundle
15688	extracted/base_assets.apk/assets/bundle/gameobjs_survivor_18_assets_all.bundle
15684	extracted/base_assets.apk/assets/bundle/gameobjs_survivor_20_assets_all.bundle
15675	extracted/base_assets.apk/assets/bundle/gameobjs_survivor_15_assets_all.bundle
15413	extracted/base_assets.apk/assets/bundle/functions_weaponskin_uiprefab_uiweaponskininfo_f_assets_all.bundle
15012	extracted/base_assets.apk/assets/bundle/functions_weaponskin_sprite_starbg_5_f_assets_all.bundle
14807	extracted/base_assets.apk/assets/bundle/functions_weaponskin_sprite_starbg_6_f_assets_all.bundle
14623	extracted/base_assets.apk/assets/bundle/ui_sevendaytask_d_assets_all.bundle
14614	extracted/base_assets.apk/assets/bundle/sprite_challenge_dl_assets_all.bundle
14432	extracted/base_assets.apk/assets/bundle/weapon_rocket_dl_assets_all.bundle
13841	extracted/base_assets.apk/assets/bundle/functions_gamecommunity_gamecommunityui_f_assets_all.bundle
13755	extracted/base_assets.apk/assets/bundle/functions_report_prefabs_d_assets_all.bundle
13602	extracted/base_assets.apk/assets/com/appsflyer/internal/85cbdb71e241e9c4b-
13563	extracted/base_assets.apk/assets/bundle/functions_union_gveexplore_sprite_event_d_assets_all.bundle
13329	extracted/base_assets.apk/assets/bundle/functions_chingmingfestival_questbg_qingming2024_f_assets_all.bundle
13052	extracted/base_assets.apk/assets/bundle/functions_weaponskin_sprite_starbg_4_f_assets_all.bundle
12967	extracted/base_assets.apk/assets/bundle/functions_weaponskin_3d_skin_gold_0801_f_assets_all.bundle
12712	extracted/base_assets.apk/assets/bin/Data/ebf5745572c6a07498f214023dac5d51
12555	extracted/base_assets.apk/assets/bundle/functions_teamplay_uiprefabs_teamplayachievementrewardui_f_assets_all.bundle
12514	extracted/base_assets.apk/assets/bundle/sprite_launch_dl_assets_all.bundle
12411	extracted/base_assets.apk/assets/bundle/effect_animation_dl_assets_all.bundle
12353	extracted/base_assets.apk/assets/bundle/functions_gamecommunity_c_bg_f_assets_all.bundle
12317	extracted/base_assets.apk/assets/bundle/functions_weaponskin_3d_skin_gold_0201_f_assets_all.bundle
11772	extracted/base_assets.apk/assets/bin/Data/fe393ace9b354375a9cb14cdbbc28be4
11602	extracted/base_assets.apk/assets/bundle/prefabsn_duoplaycameramember_f_assets_all.bundle
11571	extracted/base_assets.apk/assets/bundle/prefabsn_duoplaycamera_f_assets_all.bundle
10788	extracted/base_assets.apk/assets/bin/Data/d24994f48fdd0430692e3d49279cd782
10497	extracted/base_assets.apk/assets/bundle/functions_weaponskin_sprite_iconskinslake_4_f_assets_all.bundle
10402	extracted/base_assets.apk/assets/bundle/functions_weaponskin_sprite_iconskinslake_6_f_assets_all.bundle
10381	extracted/base_assets.apk/assets/bundle/functions_weaponskin_sprite_iconskinslake_5_f_assets_all.bundle
10234	extracted/base_assets.apk/assets/bundle/functions_union_gveexplore_sprite_headbg_d_assets_all.bundle
9929	extracted/base_assets.apk/assets/bundle/prefabsn_keepnode_f_assets_all.bundle
9926	extracted/base_assets.apk/assets/bundle/sprite_monthcard_dl_assets_all.bundle
9467	extracted/base_assets.apk/assets/bundle/character_enemy2012_dl_assets_all.bundle
9393	extracted/base_assets.apk/assets/bundle/functions_weaponskin_3dui_skin_gold_0101_ui_f_assets_all.bundle
8863	extracted/base_assets.apk/assets/bundle/icons_camp_assets_all.bundle
8778	extracted/base_assets.apk/assets/bundle/sprite_piggybank_dl_assets_all.bundle
8712	extracted/base_assets.apk/assets/bundle/whitebody_mapdata_bg_qidai_f_assets_all.bundle
8634	extracted/base_assets.apk/assets/bundle/prefabsn_hero_mainrole9998_ui_f_assets_all.bundle
8502	extracted/base_assets.apk/assets/com/appsflyer/internal/1ef4f10b9adfdad9a-
8428	extracted/base_assets.apk/assets/bundle/prefabsn_bullet_robotbullet_d_assets_all.bundle
8383	extracted/base_assets.apk/assets/bundle/functions_gamecommunity_communityinfo_f_assets_all.bundle
8232	extracted/base_assets.apk/assets/bundle/functions_union_gveexplore_gridhud_uiuniongverolehud_f_assets_all.bundle
8226	extracted/base_assets.apk/assets/bundle/function_season_modelres_line_d_assets_all.bundle
8212	extracted/base_assets.apk/assets/bundle/character_enemy2025_dl_assets_all.bundle
8182	extracted/base_assets.apk/assets/bundle/functions_weaponskin_3dui_skin_gold_0501_ui_f_assets_all.bundle
8126	extracted/base_assets.apk/assets/bundle/character_enemy2028_dl_assets_all.bundle
8108	extracted/base_assets.apk/assets/iads/mobileController.min.css
8068	extracted/base_assets.apk/assets/bundle/functions_gamecommunity_c_icon_facebook_f_assets_all.bundle
8056	extracted/base_assets.apk/assets/bin/Data/0b0a6e7ef5dc1b44d8e3cb1ef2f30ffb
7997	extracted/base_assets.apk/assets/bundle/functions_gamecommunity_c_icon_discord_f_assets_all.bundle
7927	extracted/base_assets.apk/assets/bundle/functions_union_gveexplore_gridhud_unionexplorebuildinginfohud_f_assets_all.bundle
7902	extracted/base_assets.apk/assets/bundle/functions_weaponskin_3d_skin_gold_0501_f_assets_all.bundle
7700	extracted/base_assets.apk/assets/bin/Data/bc0194a84da0aad41beedf68e1a610b3
7690	extracted/base_assets.apk/assets/bundle/functions_weaponskin_3d_skin_gold_0101_f_assets_all.bundle
7593	extracted/base_assets.apk/assets/bundle/functions_union_gveexplore_gridhud_uiuniongvegroundcellhud_f_assets_all.bundle
7538	extracted/base_assets.apk/assets/bundle/character_enemy2010_dl_assets_all.bundle
7431	extracted/base_assets.apk/assets/bundle/prefabsn_bornnodeboss_f_assets_all.bundle
7367	extracted/base_assets.apk/assets/bundle/scenes_common_dl_assets_all.bundle
7256	extracted/base_assets.apk/assets/bundle/prefabsn_mapdata_3rd_normal_assets_all.bundle
7226	extracted/base_assets.apk/assets/bundle/prefabsn_mapdata_3rd_boss_assets_all.bundle
6940	extracted/base_assets.apk/assets/bin/Data/level0
6710	extracted/base_assets.apk/assets/com/appsflyer/internal/abcc32aa48e1938c-
6651	extracted/base_assets.apk/assets/bundle/functions_car_anims_d_assets_all.bundle
6504	extracted/base_assets.apk/assets/bundle/functions_union_gveexplore_grid_pathline_f_assets_all.bundle
6413	extracted/base_assets.apk/assets/bundle/sprite_quests_dl_assets_all.bundle
6156	extracted/base_assets.apk/assets/bundle/prefabsn_roleai_enemy2025_f_assets_all.bundle
6090	extracted/base_assets.apk/assets/bundle/prefabsn_roleai_enemy3006_f_assets_all.bundle
6002	extracted/base_assets.apk/assets/bundle/prefabsn_ui_resident_marquee_marquee_icon_f_assets_all.bundle
5953	extracted/base_assets.apk/assets/bundle/prefabsn_roleai_enemy1402_f_assets_all.bundle
5931	extracted/base_assets.apk/assets/bundle/scene_selectserverscene_f_scenes_all.bundle
5925	extracted/base_assets.apk/assets/bundle/scene_loginscene_f_scenes_all.bundle
5752	extracted/base_assets.apk/assets/bin/Data/cf81c85f95fe47e1a27f6ae460cf182c
5737	extracted/base_assets.apk/assets/bundle/prefabsn_roleai_enemy1104_f_assets_all.bundle
5728	extracted/base_assets.apk/assets/bundle/prefabsn_roleai_enemy2003_f_assets_all.bundle
5721	extracted/base_assets.apk/assets/bundle/prefabsn_roleai_enemy1105_f_assets_all.bundle
5714	extracted/base_assets.apk/assets/bundle/prefabsn_roleai_enemy2002_f_assets_all.bundle
5660	extracted/base_assets.apk/assets/bin/Data/ae08820b850eb1441a662d08879279eb
5587	extracted/base_assets.apk/assets/bundle/prefabsn_roleai_enemy3008_f_assets_all.bundle
5532	extracted/base_assets.apk/assets/bundle/functions_webcharge_assets_all.bundle
5530	extracted/base_assets.apk/assets/bundle/prefabsn_roleai_enemy1404_f_assets_all.bundle
5513	extracted/base_assets.apk/assets/bundle/prefabsn_roleai_enemy1010_f_assets_all.bundle
5512	extracted/base_assets.apk/assets/bundle/prefabsn_roleai_enemy1426_f_assets_all.bundle
5511	extracted/base_assets.apk/assets/bundle/prefabsn_roleai_enemy2019_f_assets_all.bundle
5510	extracted/base_assets.apk/assets/bundle/prefabsn_roleai_enemy1427_f_assets_all.bundle
5509	extracted/base_assets.apk/assets/bundle/prefabsn_roleai_enemy1005_f_assets_all.bundle
5505	extracted/base_assets.apk/assets/bundle/prefabsn_roleai_enemy1425_f_assets_all.bundle
5503	extracted/base_assets.apk/assets/bundle/prefabsn_roleai_enemy2023_f_assets_all.bundle
5497	extracted/base_assets.apk/assets/bundle/prefabsn_roleai_enemy1009_f_assets_all.bundle
5496	extracted/base_assets.apk/assets/bundle/prefabsn_roleai_enemy1003_f_assets_all.bundle
5495	extracted/base_assets.apk/assets/bundle/prefabsn_roleai_enemy1103_f_assets_all.bundle
5495	extracted/base_assets.apk/assets/bundle/prefabsn_roleai_enemy1006_f_assets_all.bundle
5491	extracted/base_assets.apk/assets/bundle/prefabsn_roleai_enemy2018_f_assets_all.bundle
5491	extracted/base_assets.apk/assets/bundle/prefabsn_roleai_enemy1004_f_assets_all.bundle
5488	extracted/base_assets.apk/assets/bundle/prefabsn_roleai_enemy2021_f_assets_all.bundle
5488	extracted/base_assets.apk/assets/bundle/prefabsn_roleai_enemy1007_f_assets_all.bundle
5487	extracted/base_assets.apk/assets/bundle/prefabsn_roleai_enemy3010_f_assets_all.bundle
5486	extracted/base_assets.apk/assets/bundle/prefabsn_roleai_enemy2001_f_assets_all.bundle
5485	extracted/base_assets.apk/assets/bundle/prefabsn_roleai_enemy2022_f_assets_all.bundle
5484	extracted/base_assets.apk/assets/bundle/prefabsn_roleai_enemy1205_f_assets_all.bundle
5481	extracted/base_assets.apk/assets/bundle/prefabsn_roleai_enemy2016_f_assets_all.bundle
5476	extracted/base_assets.apk/assets/bundle/prefabsn_roleai_enemy2020_f_assets_all.bundle
5474	extracted/base_assets.apk/assets/bundle/prefabsn_roleai_enemy2017_f_assets_all.bundle
5474	extracted/base_assets.apk/assets/bundle/prefabsn_roleai_enemy1423_f_assets_all.bundle
5473	extracted/base_assets.apk/assets/bundle/prefabsn_roleai_enemy2008_f_assets_all.bundle
5466	extracted/base_assets.apk/assets/bundle/prefabsn_roleai_enemy1008_f_assets_all.bundle
5457	extracted/base_assets.apk/assets/bundle/prefabsn_roleai_enemy1109_f_assets_all.bundle
5456	extracted/base_assets.apk/assets/bundle/prefabsn_roleai_enemy2012_f_assets_all.bundle
5456	extracted/base_assets.apk/assets/bundle/prefabsn_roleai_enemy1204_f_assets_all.bundle
5451	extracted/base_assets.apk/assets/bundle/prefabsn_roleai_enemy1414_f_assets_all.bundle
5446	extracted/base_assets.apk/assets/bundle/prefabsn_roleai_enemy1108_f_assets_all.bundle
5445	extracted/base_assets.apk/assets/bundle/prefabsn_roleai_enemy2026_f_assets_all.bundle
5442	extracted/base_assets.apk/assets/bundle/prefabsn_ui_resident_marquee_marqueeui_f_assets_all.bundle
5441	extracted/base_assets.apk/assets/bundle/prefabsn_roleai_enemy1206_f_assets_all.bundle
5439	extracted/base_assets.apk/assets/bundle/prefabsn_roleai_enemy1201_f_assets_all.bundle
5438	extracted/base_assets.apk/assets/bundle/prefabsn_roleai_enemy2006_f_assets_all.bundle
5435	extracted/base_assets.apk/assets/bundle/prefabsn_roleai_enemy1202_f_assets_all.bundle
5434	extracted/base_assets.apk/assets/bundle/prefabsn_roleai_enemy1412_f_assets_all.bundle
5431	extracted/base_assets.apk/assets/bundle/prefabsn_roleai_enemy2014_f_assets_all.bundle
5429	extracted/base_assets.apk/assets/bundle/prefabsn_roleai_enemy1203_f_assets_all.bundle
5426	extracted/base_assets.apk/assets/bundle/prefabsn_roleai_enemy1002_f_assets_all.bundle
5425	extracted/base_assets.apk/assets/bundle/prefabsn_roleai_enemy2009_f_assets_all.bundle
5422	extracted/base_assets.apk/assets/bundle/prefabsn_roleai_enemy1001_f_assets_all.bundle
5420	extracted/base_assets.apk/assets/bundle/prefabsn_roleai_enemy1101_f_assets_all.bundle
5416	extracted/base_assets.apk/assets/bundle/prefabsn_roleai_enemy2015_f_assets_all.bundle
5412	extracted/base_assets.apk/assets/bundle/prefabsn_roleai_enemy2024_f_assets_all.bundle
5408	extracted/base_assets.apk/assets/bin/Data/9358dca7cca34d142b30f3033e10fad3
5395	extracted/base_assets.apk/assets/bundle/functions_union_gveexplore_uiprefab_gverewardeffectui_f_assets_all.bundle
5120	extracted/base_assets.apk/assets/bin/Data/ScriptingAssemblies.json
4904	extracted/base_assets.apk/assets/bundle/functions_gamecommunity_c_diamond_f_assets_all.bundle
4862	extracted/base_assets.apk/assets/bundle/functions_gamecommunity_c_tipbg_f_assets_all.bundle
4816	extracted/base_assets.apk/assets/bin/Data/ef96d09df84b9da4c9dc3a0072aa2076
4764	extracted/base_assets.apk/assets/bundle/prefabsn_roleai_enemy3023_f_assets_all.bundle
4763	extracted/base_assets.apk/assets/bundle/prefabsn_roleai_enemy1102_f_assets_all.bundle
4743	extracted/base_assets.apk/assets/bundle/prefabsn_roleai_enemy3024_f_assets_all.bundle
4559	extracted/base_assets.apk/assets/bundle/prefabsn_ui_resident_marquee_marquee_bg_f_assets_all.bundle
4550	extracted/base_assets.apk/assets/bundle/functions_gamecommunity_c_iconbg_f_assets_all.bundle
4503	extracted/base_assets.apk/assets/bundle/scene_loadingscene_f_scenes_all.bundle
4500	extracted/base_assets.apk/assets/bundle/prefabsn_ui_hp_d_assets_all.bundle
4372	extracted/base_assets.apk/assets/bin/Data/4bca31fdc43bd08438fde4dc7391923a
4368	extracted/base_assets.apk/assets/bin/Data/7b37b6cf997851847a98123b62386781
4368	extracted/base_assets.apk/assets/bin/Data/7931ded86ad88104e92a55aa484f84bc
4368	extracted/base_assets.apk/assets/bin/Data/608166c9b9233cf47ad67784fdb748f1
4364	extracted/base_assets.apk/assets/bin/Data/795cddda51c3c4a4ca1f6f3817cc3510
4269	extracted/base_assets.apk/assets/bundle/functions_union_gveexplore_grid_reachablemultitileeffect_f_assets_all.bundle
4253	extracted/base_assets.apk/assets/bundle/functions_union_gveexplore_grid_unreachabletileeffect_f_assets_all.bundle
4252	extracted/base_assets.apk/assets/bundle/functions_union_gveexplore_grid_reachabletileeffect_f_assets_all.bundle
4240	extracted/base_assets.apk/assets/bundle/functions_weaponskin_3d_skin_gold_0401_f_assets_all.bundle
4230	extracted/base_assets.apk/assets/bundle/functions_weaponskin_3d_skin_color_1001_f_assets_all.bundle
4016	extracted/base_assets.apk/assets/dic
3927	extracted/base_assets.apk/assets/bundle/prefabsn_ui_buydiamondstipsui_d_assets_all.bundle
3861	extracted/base_assets.apk/assets/bundle/prefabsn-minigame_assets_all.bundle
3768	extracted/base_assets.apk/assets/bin/Data/c41005c129ba4d66911b75229fd70b45
3745	extracted/base_assets.apk/assets/bundle/whitebody_mapdata_whitebody_football_f_assets_all.bundle
3732	extracted/base_assets.apk/assets/bin/Data/2e498d1c8094910479dc3e1b768306a4
3688	extracted/base_assets.apk/assets/bundle/whitebody_weapon_gatling_white_f_assets_all.bundle
3687	extracted/base_assets.apk/assets/bundle/whitebody_weapon_ak47_white_f_assets_all.bundle
3646	extracted/base_assets.apk/assets/bundle/functions_weaponskin_3dui_skin_color_1006_ui_f_assets_all.bundle
3633	extracted/base_assets.apk/assets/bundle/functions_weaponskin_3dui_skin_color_1002_ui_f_assets_all.bundle
3630	extracted/base_assets.apk/assets/bundle/functions_weaponskin_3dui_skin_color_1005_ui_f_assets_all.bundle
3629	extracted/base_assets.apk/assets/bundle/functions_weaponskin_3dui_skin_color_1003_ui_f_assets_all.bundle
3626	extracted/base_assets.apk/assets/bundle/functions_weaponskin_3d_skin_color_1003_f_assets_all.bundle
3624	extracted/base_assets.apk/assets/bundle/functions_weaponskin_3dui_skin_gold_0301_ui_f_assets_all.bundle
3623	extracted/base_assets.apk/assets/bundle/functions_weaponskin_3dui_skin_gold_0401_ui_f_assets_all.bundle
3622	extracted/base_assets.apk/assets/bundle/functions_weaponskin_3d_skin_gold_0301_f_assets_all.bundle
3622	extracted/base_assets.apk/assets/bundle/functions_weaponskin_3d_skin_color_1006_f_assets_all.bundle
3621	extracted/base_assets.apk/assets/bundle/functions_weaponskin_3dui_skin_color_1001_ui_f_assets_all.bundle
3615	extracted/base_assets.apk/assets/bundle/functions_weaponskin_3dui_skin_color_1004_ui_f_assets_all.bundle
3612	extracted/base_assets.apk/assets/bundle/functions_weaponskin_3d_skin_color_1002_f_assets_all.bundle
3611	extracted/base_assets.apk/assets/bundle/functions_weaponskin_3d_skin_color_1004_f_assets_all.bundle
3605	extracted/base_assets.apk/assets/bundle/functions_weaponskin_3d_skin_color_1005_f_assets_all.bundle
3272	extracted/base_assets.apk/assets/bin/Data/593c5a3296ee7324abc8e5c24f88ba44
3272	extracted/base_assets.apk/assets/bin/Data/5067f56ab4b2e8b42a5fe55b13140a1e
3126	extracted/base_assets.apk/assets/com/appsflyer/internal/4c337fab34977e37d-
3040	extracted/base_assets.apk/assets/bin/Data/b504c956e7ed744b6b0e7f014e1cac5a
3040	extracted/base_assets.apk/assets/bin/Data/8ee0ccf76956b4c0f8c7ee1182372855
3040	extracted/base_assets.apk/assets/bin/Data/036a0d1eebcb7467ba676e6cb67c7872
3014	extracted/base_assets.apk/assets/bundle/functions_teamplay_uiprefabs_heroviewteamplay0_f_assets_all.bundle
3010	extracted/base_assets.apk/assets/bundle/functions_teamplay_uiprefabs_heroviewteamplay1_f_assets_all.bundle
3005	extracted/base_assets.apk/assets/bundle/prefabsn_maincamera_f_assets_all.bundle
2992	extracted/base_assets.apk/assets/bundle/functions_weaponskin_uiprefab_weaponskindetailcamera_f_assets_all.bundle
2984	extracted/base_assets.apk/assets/bundle/prefabsn_gonghuizhan_juese_f_assets_all.bundle
2982	extracted/base_assets.apk/assets/bundle/prefabsn_shockcamera_f_assets_all.bundle
2972	extracted/base_assets.apk/assets/bundle/prefabsn_carcamera_f_assets_all.bundle
2965	extracted/base_assets.apk/assets/bundle/prefabsn_bosscamera_f_assets_all.bundle
2961	extracted/base_assets.apk/assets/bundle/prefabsn__sdj_car_maincamera_f_assets_all.bundle
2954	extracted/base_assets.apk/assets/bundle/prefabsn_volcanocamera_f_assets_all.bundle
2939	extracted/base_assets.apk/assets/bundle/prefabsn_shadow_f_assets_all.bundle
2880	extracted/base_assets.apk/assets/bin/Data/216f53a23655415498bcda959b17275f
2864	extracted/base_assets.apk/assets/bin/Data/c35c4f9456b805447b14960f1c7b5940
2811	extracted/base_assets.apk/assets/bundle/prefabsn_unioncamera_f_assets_all.bundle
2792	extracted/base_assets.apk/assets/bundle/ui_mat_d_assets_all.bundle
2714	extracted/base_assets.apk/assets/bundle/character_enemy2020_dl_assets_all.bundle
2460	extracted/base_assets.apk/assets/bin/Data/f952c082cb03451daed3ee968ac6c63e
2220	extracted/base_assets.apk/assets/bin/Data/c530573ce1253154d811d37c4e1e1fba
2072	extracted/base_assets.apk/assets/rv_binddatas.xml
1984	extracted/base_assets.apk/assets/bin/Data/5f44016403966b849bcfb9ab414610e4
1936	extracted/base_assets.apk/assets/bin/Data/e73a58f6e2794ae7b1b7e50b7fb811b0
1916	extracted/base_assets.apk/assets/bin/Data/b67db39cd532b4f08b95b2cf5938553f
1864	extracted/base_assets.apk/assets/bin/Data/79459efec17a4d00a321bdcc27bbc385
1704	extracted/base_assets.apk/assets/bin/Data/671dd4d32b8e92e41afc46cae0424775
1696	extracted/base_assets.apk/assets/bin/Data/2e9c8989de8cb04439abb183119152ee
1580	extracted/base_assets.apk/assets/bin/Data/0712a76dfe481d24fb9e4132ed73e6fe
1548	extracted/base_assets.apk/assets/bin/Data/76b1959dc04c422408ab69a43ac2e46b
1548	extracted/base_assets.apk/assets/bin/Data/54d94ca318fd0ce478583f4e2a5b08f8
1408	extracted/base_assets.apk/assets/bin/Data/RuntimeInitializeOnLoads.json
1384	extracted/base_assets.apk/assets/bin/Data/bfac042ab93112a4f825a9c9bd9a18ef
1380	extracted/base_assets.apk/assets/bin/Data/bb4c2f02b7eaa7948a318a9ce03945f4
1380	extracted/base_assets.apk/assets/bin/Data/ba4b75edcb6bd4a48bae9472d54bd3f5
1380	extracted/base_assets.apk/assets/bin/Data/89745af259a33334c8874a097785d967
1376	extracted/base_assets.apk/assets/bin/Data/2aef574188612ad45bcb9e361d7359df
1376	extracted/base_assets.apk/assets/bin/Data/19504e86c2670b14f854d2329617b6fa
1304	extracted/base_assets.apk/assets/bin/Data/a816f35e9021d2c429a8bf2e13102955
1188	extracted/base_assets.apk/assets/bin/Data/e5028255994551342a2b75f47b8cd0ab
1152	extracted/base_assets.apk/assets/bin/Data/4ccba07f9904646a589519cff16f6b7c
1080	extracted/base_assets.apk/assets/bin/Data/6781abffa894ee84ba488b71574589c6
1076	extracted/base_assets.apk/assets/bin/Data/48f2b71cf436e9a439952ce5017f2d29
1057	extracted/com.ddup.zombiewaves.zw.apk/assets/dexopt/baseline.prof
1007	extracted/base_assets.apk/assets/google-services-desktop.json
968	extracted/base_assets.apk/assets/bin/Data/8b7820c20e7699a42bb1bb5a6352d740
928	extracted/base_assets.apk/assets/bin/Data/0c917b583ba9bf347a6780b47ea63d79
908	extracted/base_assets.apk/assets/bin/Data/e52cbe291dcdba44e988be57e9572bdb
900	extracted/base_assets.apk/assets/bin/Data/043db7744c0d9474ba2f90bb6f37123c
896	extracted/base_assets.apk/assets/bin/Data/f1af6e3183889014385802eaa7045e51
896	extracted/base_assets.apk/assets/bin/Data/db4a355ae83c92a48892eca2b3914a86
896	extracted/base_assets.apk/assets/bin/Data/6a26e2998be2b3646bfb849399b51b16
896	extracted/base_assets.apk/assets/bin/Data/60cce5a1bd1dd7646b41a19ed5dfb0f0
896	extracted/base_assets.apk/assets/bin/Data/0dc1d10ff61323540bc1cd59ae82a398
849	extracted/base_assets.apk/assets/aa/settings.json
844	extracted/base_assets.apk/assets/bin/Data/86599d7d9f50a854db327e1c96c87d58
840	extracted/base_assets.apk/assets/bin/Data/1831e8b8b6ce007409f229794f85b664
752	extracted/base_assets.apk/assets/bin/Data/3f5b5dff67a942289a9defa416b206f3
692	extracted/base_assets.apk/assets/bin/Data/9545585e34c8b094f9434cbadb49070f
612	extracted/base_assets.apk/assets/bin/Data/fda087af4a5cb76438ec54a0e13ba41e
612	extracted/base_assets.apk/assets/bin/Data/5707c8cdc2003ad4f8b31fbd9937fb28
604	extracted/base_assets.apk/assets/bin/Data/1ef63640535c5cc45b4027488302afcb
600	extracted/base_assets.apk/assets/bin/Data/aa059444533191a4e8545c0f3b21e946
600	extracted/base_assets.apk/assets/bin/Data/63c5b129a33b89946ab29a751aa95897
599	extracted/base_assets.apk/assets/iads/index.html
524	extracted/base_assets.apk/assets/bin/Data/d3eb0415eb148704f9ca63c97d139f75
504	extracted/base_assets.apk/assets/bin/Data/97a8a0088a4ad5a4fa24388cc848c16e
504	extracted/base_assets.apk/assets/bin/Data/098e40c11cd85404793a5bbc91367b8f
460	extracted/base_assets.apk/assets/bin/Data/fade42e8bc714b018fac513c043d323b
420	extracted/base_assets.apk/assets/bin/Data/af2ad3d2283190b4d9ce5ac930e4bbfb
420	extracted/base_assets.apk/assets/bin/Data/ad9f634b30a6cef499470f46b6c59a3c
420	extracted/base_assets.apk/assets/bin/Data/acf9a4503b517a44e99568fa4e55a91a
420	extracted/base_assets.apk/assets/bin/Data/a0050e6152abaf24bbff0f8b4b442e3e
420	extracted/base_assets.apk/assets/bin/Data/7fa3044ca2c78f74eafe1d2e74d81283
420	extracted/base_assets.apk/assets/bin/Data/5bfb1d8096efe5146a978da1b81fe23e
416	extracted/base_assets.apk/assets/bin/Data/a6e842dbc82f28f448baec5121cd99ac
416	extracted/base_assets.apk/assets/bin/Data/74bd7a273f2e05b4d80189afc41cbdf8
416	extracted/base_assets.apk/assets/bin/Data/63935825a19652641bc3dea20a426690
396	extracted/base_assets.apk/assets/bin/Data/a116580e2c1b01240bf3b228a4f701bc
384	extracted/base_assets.apk/assets/bin/Data/bdb72935c56615a418ff6f9ff9e11317
384	extracted/base_assets.apk/assets/bin/Data/2b05b3be9717aba48a44d9bf98ae209e
368	extracted/base_assets.apk/assets/bin/Data/60e7b21b7ed5a3844b7f2e3a618d728c
356	extracted/base_assets.apk/assets/bin/Data/d929e5819bb4ab6478b0b922f8df6aa4
356	extracted/base_assets.apk/assets/bin/Data/58da9523c6c64e745981c2aa26f21ae6
284	extracted/base_assets.apk/assets/bin/Data/b82dcbe0644e23049a1b8389c4ef3695
280	extracted/base_assets.apk/assets/bin/Data/d82c1b31c7e74239bff1220585707d2b
276	extracted/base_assets.apk/assets/bin/Data/a187246822bbb47529482707f3e0eff8
274	extracted/base_assets.apk/assets/bundle/VersionTemp
252	extracted/base_assets.apk/assets/bin/Data/ebc0ba1b5ef6b4a6b9dd53d7eadfea16
196	extracted/base_assets.apk/assets/bin/Data/2f59e91ab9c218a4e97221a4e9d96a9c
160	extracted/base_assets.apk/assets/bin/Data/d41d4c4c24a1a4c4f889c4f902f85621
151	extracted/base_assets.apk/assets/bin/Data/boot.config
136	extracted/com.ddup.zombiewaves.zw.apk/assets/dexopt/baseline.profm
36	extracted/base_assets.apk/assets/bin/Data/unity_app_guid
4	extracted/base_assets.apk/assets/iads/controllerVersion
0	extracted/com.ddup.zombiewaves.zw.apk/assets/sdk_background_compass_needle.png
0	extracted/com.ddup.zombiewaves.zw.apk/assets/bin/Data/Managed/.keep_folder
